ID,Neo Reference ID,Name,Limited Name,Designation,NASA JPL URL,Absolute Magnitude (H),Min Diameter (km),Max Diameter (km),Min Diameter (m),Max Diameter (m),Min Diameter (miles),Max Diameter (miles),Min Diameter (feet),Max Diameter (feet),Is Potentially Hazardous,Close Approach Date,Close Approach Date (Full),Epoch Date Close Approach,Relative Velocity (km/s),Relative Velocity (km/h),Relative Velocity (miles/h),Miss Distance (astronomical),Miss Distance (lunar),Miss Distance (km),Miss Distance (miles),Orbiting Body
2000433,2000433,433 Eros (A898 PA),Eros,433,http://ssd.jpl.nasa.gov/sbdb.cgi?sstr=2000433,10.41,22.00670271,49.20848322,22006.70271,49208.48322,13.67432687,30.57672443,72200.47052,161445.1601,FALSE,12/27/1900,1900-Dec-27 01:30,-2.17788E+12,5.578619188,20083.02907,12478.81326,0.314929169,122.5074469,47112732.93,29274494.77,Earth
2000433,2000433,433 Eros (A898 PA),Eros,433,http://ssd.jpl.nasa.gov/sbdb.cgi?sstr=2000433,10.41,22.00670271,49.20848322,22006.70271,49208.48322,13.67432687,30.57672443,72200.47052,161445.1601,FALSE,11/5/1907,1907-Nov-05 03:31,-1.96153E+12,4.394490889,15820.1672,9830.036668,0.471485543,183.407876,70533232.89,43827318.62,Earth
2000433,2000433,433 Eros (A898 PA),Eros,433,http://ssd.jpl.nasa.gov/sbdb.cgi?sstr=2000433,10.41,22.00670271,49.20848322,22006.70271,49208.48322,13.67432687,30.57672443,72200.47052,161445.1601,FALSE,4/20/1917,1917-Apr-20 21:19,-1.66304E+12,4.816784018,17340.42247,10774.66417,0.499257206,194.2110531,74687814.6,46408855.99,Earth
2000433,2000433,433 Eros (A898 PA),Eros,433,http://ssd.jpl.nasa.gov/sbdb.cgi?sstr=2000433,10.41,22.00670271,49.20848322,22006.70271,49208.48322,13.67432687,30.57672443,72200.47052,161445.1601,FALSE,3/5/1924,1924-Mar-05 22:13,-1.44608E+12,4.596054886,16545.79759,10280.91517,0.359786489,139.9569442,53823292.39,33444243.06,Earth
2000433,2000433,433 Eros (A898 PA),Eros,433,http://ssd.jpl.nasa.gov/sbdb.cgi?sstr=2000433,10.41,22.00670271,49.20848322,22006.70271,49208.48322,13.67432687,30.57672443,72200.47052,161445.1601,FALSE,1/30/1931,1931-Jan-30 04:07,-1.22825E+12,5.920818534,21314.94672,13244.27898,0.174073146,67.71445372,26040971.84,16181109.57,Earth
2000433,2000433,433 Eros (A898 PA),Eros,433,http://ssd.jpl.nasa.gov/sbdb.cgi?sstr=2000433,10.41,22.00670271,49.20848322,22006.70271,49208.48322,13.67432687,30.57672443,72200.47052,161445.1601,FALSE,1/13/1938,1938-Jan-13 22:04,-1.00873E+12,6.084052405,21902.58866,13609.41682,0.215005241,83.63703855,32164326.02,19985985.42,Earth
2000433,2000433,433 Eros (A898 PA),Eros,433,http://ssd.jpl.nasa.gov/sbdb.cgi?sstr=2000433,10.41,22.00670271,49.20848322,22006.70271,49208.48322,13.67432687,30.57672443,72200.47052,161445.1601,FALSE,11/27/1944,1944-Nov-27 01:41,-7.91936E+11,3.626098636,13053.95509,8111.220039,0.403009056,156.7705228,60289296.38,37462031.64,Earth
2000433,2000433,433 Eros (A898 PA),Eros,433,http://ssd.jpl.nasa.gov/sbdb.cgi?sstr=2000433,10.41,22.00670271,49.20848322,22006.70271,49208.48322,13.67432687,30.57672443,72200.47052,161445.1601,FALSE,4/4/1961,1961-Apr-04 09:08,-2.75929E+11,3.707836448,13348.21121,8294.059351,0.44249213,172.1294386,66195880.15,41132212.6,Earth
2000433,2000433,433 Eros (A898 PA),Eros,433,http://ssd.jpl.nasa.gov/sbdb.cgi?sstr=2000433,10.41,22.00670271,49.20848322,22006.70271,49208.48322,13.67432687,30.57672443,72200.47052,161445.1601,FALSE,2/11/1968,1968-Feb-11 13:46,-59566440000,6.066884973,21840.7859,13571.01499,0.266271406,103.5795768,39833635.13,24751473.13,Earth
2000433,2000433,433 Eros (A898 PA),Eros,433,http://ssd.jpl.nasa.gov/sbdb.cgi?sstr=2000433,10.41,22.00670271,49.20848322,22006.70271,49208.48322,13.67432687,30.57672443,72200.47052,161445.1601,FALSE,1/23/1975,1975-Jan-23 07:39,1.59695E+11,5.825307683,20971.10766,13030.63076,0.151134191,58.79120026,22609353.04,14048800.53,Earth
2000433,2000433,433 Eros (A898 PA),Eros,433,http://ssd.jpl.nasa.gov/sbdb.cgi?sstr=2000433,10.41,22.00670271,49.20848322,22006.70271,49208.48322,13.67432687,30.57672443,72200.47052,161445.1601,FALSE,12/29/1981,1981-Dec-29 08:05,3.78461E+11,5.665271846,20394.97865,12672.64659,0.308489327,120.0023482,46149346.25,28675874.04,Earth
2000433,2000433,433 Eros (A898 PA),Eros,433,http://ssd.jpl.nasa.gov/sbdb.cgi?sstr=2000433,10.41,22.00670271,49.20848322,22006.70271,49208.48322,13.67432687,30.57672443,72200.47052,161445.1601,FALSE,11/6/1988,1988-Nov-06 14:56,5.94831E+11,4.305902138,15501.2477,9631.872493,0.467640208,181.9120408,69957979,43469872.42,Earth
2000433,2000433,433 Eros (A898 PA),Eros,433,http://ssd.jpl.nasa.gov/sbdb.cgi?sstr=2000433,10.41,22.00670271,49.20848322,22006.70271,49208.48322,13.67432687,30.57672443,72200.47052,161445.1601,FALSE,3/8/2005,2005-Mar-08 22:07,1.11032E+12,4.412292395,15884.25262,9869.856859,0.365567222,142.2056494,54688077.78,33981595.79,Earth
2000433,2000433,433 Eros (A898 PA),Eros,433,http://ssd.jpl.nasa.gov/sbdb.cgi?sstr=2000433,10.41,22.00670271,49.20848322,22006.70271,49208.48322,13.67432687,30.57672443,72200.47052,161445.1601,FALSE,1/31/2012,2012-Jan-31 11:01,1.32801E+12,5.945195902,21402.70525,13298.80871,0.178675814,69.50489149,26729521.14,16608954.27,Earth
2000433,2000433,433 Eros (A898 PA),Eros,433,http://ssd.jpl.nasa.gov/sbdb.cgi?sstr=2000433,10.41,22.00670271,49.20848322,22006.70271,49208.48322,13.67432687,30.57672443,72200.47052,161445.1601,FALSE,1/15/2019,2019-Jan-15 06:01,1.54753E+12,6.044917619,21761.70343,13521.87622,0.208598687,81.14488928,31205919.27,19390459.09,Earth
2000433,2000433,433 Eros (A898 PA),Eros,433,http://ssd.jpl.nasa.gov/sbdb.cgi?sstr=2000433,10.41,22.00670271,49.20848322,22006.70271,49208.48322,13.67432687,30.57672443,72200.47052,161445.1601,FALSE,11/30/2025,2025-Nov-30 02:18,1.76447E+12,3.728850868,13423.86312,8341.066506,0.397647474,154.6848675,59487215.18,36963641.49,Earth
2000433,2000433,433 Eros (A898 PA),Eros,433,http://ssd.jpl.nasa.gov/sbdb.cgi?sstr=2000433,10.41,22.00670271,49.20848322,22006.70271,49208.48322,13.67432687,30.57672443,72200.47052,161445.1601,FALSE,4/6/2042,2042-Apr-06 19:02,2.28042E+12,3.725224721,13410.80899,8332.955177,0.446141725,173.5491312,66741851.84,41471463.67,Earth
2000433,2000433,433 Eros (A898 PA),Eros,433,http://ssd.jpl.nasa.gov/sbdb.cgi?sstr=2000433,10.41,22.00670271,49.20848322,22006.70271,49208.48322,13.67432687,30.57672443,72200.47052,161445.1601,FALSE,2/12/2049,2049-Feb-12 05:38,2.49672E+12,6.059064586,21812.63251,13553.52157,0.272555339,106.0240268,40773698.16,25335601.21,Earth
2000433,2000433,433 Eros (A898 PA),Eros,433,http://ssd.jpl.nasa.gov/sbdb.cgi?sstr=2000433,10.41,22.00670271,49.20848322,22006.70271,49208.48322,13.67432687,30.57672443,72200.47052,161445.1601,FALSE,1/24/2056,2056-Jan-24 11:03,2.71594E+12,5.820757857,20954.72829,13020.45325,0.149782177,58.26526666,22407094.57,13923122.94,Earth
2000433,2000433,433 Eros (A898 PA),Eros,433,http://ssd.jpl.nasa.gov/sbdb.cgi?sstr=2000433,10.41,22.00670271,49.20848322,22006.70271,49208.48322,13.67432687,30.57672443,72200.47052,161445.1601,FALSE,12/31/2062,2062-Dec-31 08:25,2.93478E+12,5.732243483,20636.07654,12822.45545,0.302953523,117.8489205,45321201.78,28161288.93,Earth
2000433,2000433,433 Eros (A898 PA),Eros,433,http://ssd.jpl.nasa.gov/sbdb.cgi?sstr=2000433,10.41,22.00670271,49.20848322,22006.70271,49208.48322,13.67432687,30.57672443,72200.47052,161445.1601,FALSE,11/8/2069,2069-Nov-08 21:29,3.15117E+12,4.245417685,15283.50367,9496.57482,0.464728219,180.779277,69522351.62,43199186.12,Earth
2000433,2000433,433 Eros (A898 PA),Eros,433,http://ssd.jpl.nasa.gov/sbdb.cgi?sstr=2000433,10.41,22.00670271,49.20848322,22006.70271,49208.48322,13.67432687,30.57672443,72200.47052,161445.1601,FALSE,3/11/2086,2086-Mar-11 22:55,3.66673E+12,4.225864377,15213.11176,9452.836025,0.371310027,144.4396005,55547189.16,34515422.84,Earth
2000433,2000433,433 Eros (A898 PA),Eros,433,http://ssd.jpl.nasa.gov/sbdb.cgi?sstr=2000433,10.41,22.00670271,49.20848322,22006.70271,49208.48322,13.67432687,30.57672443,72200.47052,161445.1601,FALSE,1/31/2093,2093-Jan-31 15:47,3.88426E+12,5.974913622,21509.68904,13365.28428,0.182463884,70.97845095,27296208.43,16961077.42,Earth
2000433,2000433,433 Eros (A898 PA),Eros,433,http://ssd.jpl.nasa.gov/sbdb.cgi?sstr=2000433,10.41,22.00670271,49.20848322,22006.70271,49208.48322,13.67432687,30.57672443,72200.47052,161445.1601,FALSE,1/16/2100,2100-Jan-16 11:39,4.10378E+12,6.014919663,21653.71079,13454.77379,0.203879118,79.30897671,30499881.72,18951747.69,Earth
2000433,2000433,433 Eros (A898 PA),Eros,433,http://ssd.jpl.nasa.gov/sbdb.cgi?sstr=2000433,10.41,22.00670271,49.20848322,22006.70271,49208.48322,13.67432687,30.57672443,72200.47052,161445.1601,FALSE,12/4/2106,2106-Dec-04 02:22,4.32087E+12,3.853030514,13870.90985,8618.843957,0.392291254,152.6012979,58685936.05,36465749.72,Earth
2000433,2000433,433 Eros (A898 PA),Eros,433,http://ssd.jpl.nasa.gov/sbdb.cgi?sstr=2000433,10.41,22.00670271,49.20848322,22006.70271,49208.48322,13.67432687,30.57672443,72200.47052,161445.1601,FALSE,4/10/2123,2123-Apr-10 05:51,4.83678E+12,3.753724325,13513.40757,8396.705943,0.449702838,174.9344039,67274586.67,41802489.75,Earth
2000433,2000433,433 Eros (A898 PA),Eros,433,http://ssd.jpl.nasa.gov/sbdb.cgi?sstr=2000433,10.41,22.00670271,49.20848322,22006.70271,49208.48322,13.67432687,30.57672443,72200.47052,161445.1601,FALSE,2/14/2130,2130-Feb-14 22:11,5.05301E+12,6.038184928,21737.46574,13506.81587,0.278164572,108.2060187,41612827.54,25857012.03,Earth
2000433,2000433,433 Eros (A898 PA),Eros,433,http://ssd.jpl.nasa.gov/sbdb.cgi?sstr=2000433,10.41,22.00670271,49.20848322,22006.70271,49208.48322,13.67432687,30.57672443,72200.47052,161445.1601,FALSE,1/25/2137,2137-Jan-25 14:12,5.27218E+12,5.81427597,20931.39349,13005.95392,0.149462309,58.14083836,22359243.13,13893389.44,Earth
2000433,2000433,433 Eros (A898 PA),Eros,433,http://ssd.jpl.nasa.gov/sbdb.cgi?sstr=2000433,10.41,22.00670271,49.20848322,22006.70271,49208.48322,13.67432687,30.57672443,72200.47052,161445.1601,FALSE,1/3/2144,2144-Jan-03 10:26,5.4911E+12,5.794353847,20859.67385,12961.39012,0.296580393,115.3697729,44367795.08,27568869.48,Earth
2000433,2000433,433 Eros (A898 PA),Eros,433,http://ssd.jpl.nasa.gov/sbdb.cgi?sstr=2000433,10.41,22.00670271,49.20848322,22006.70271,49208.48322,13.67432687,30.57672443,72200.47052,161445.1601,FALSE,11/12/2150,2150-Nov-12 07:12,5.70752E+12,4.174503591,15028.21293,9337.947084,0.460944758,179.307511,68956354.03,42847491.53,Earth
2000433,2000433,433 Eros (A898 PA),Eros,433,http://ssd.jpl.nasa.gov/sbdb.cgi?sstr=2000433,10.41,22.00670271,49.20848322,22006.70271,49208.48322,13.67432687,30.57672443,72200.47052,161445.1601,FALSE,3/16/2167,2167-Mar-16 05:30,6.22315E+12,4.026253601,14494.51296,9006.32668,0.377433743,146.8217259,56463283.99,35084657.77,Earth
2000433,2000433,433 Eros (A898 PA),Eros,433,http://ssd.jpl.nasa.gov/sbdb.cgi?sstr=2000433,10.41,22.00670271,49.20848322,22006.70271,49208.48322,13.67432687,30.57672443,72200.47052,161445.1601,FALSE,2/3/2174,2174-Feb-03 01:30,6.44052E+12,6.005543171,21619.95542,13433.79952,0.188400269,73.28770472,28184278.98,17512898.87,Earth
2000433,2000433,433 Eros (A898 PA),Eros,433,http://ssd.jpl.nasa.gov/sbdb.cgi?sstr=2000433,10.41,22.00670271,49.20848322,22006.70271,49208.48322,13.67432687,30.57672443,72200.47052,161445.1601,FALSE,1/17/2181,2181-Jan-17 20:55,6.66005E+12,5.989838929,21563.42015,13398.6707,0.198010813,77.02620606,29621995.79,18406254.67,Earth
2000433,2000433,433 Eros (A898 PA),Eros,433,http://ssd.jpl.nasa.gov/sbdb.cgi?sstr=2000433,10.41,22.00670271,49.20848322,22006.70271,49208.48322,13.67432687,30.57672443,72200.47052,161445.1601,FALSE,12/6/2187,2187-Dec-06 23:28,6.87727E+12,3.983382061,14340.17542,8910.427333,0.387313731,150.6650413,57941309.16,36003060.03,Earth
2000719,2000719,719 Albert (A911 TB),Albert,719,http://ssd.jpl.nasa.gov/sbdb.cgi?sstr=2000719,15.59,2.025606009,4.529392731,2025.606009,4529.392731,1.258652831,2.814433291,6645.689217,14860.21285,FALSE,8/21/1909,1909-Aug-21 15:04,-1.90489E+12,3.446029015,12405.70445,7708.422304,1.708774168,664.7131515,255628975.9,158840480.1,Juptr
2000719,2000719,719 Albert (A911 TB),Albert,719,http://ssd.jpl.nasa.gov/sbdb.cgi?sstr=2000719,15.59,2.025606009,4.529392731,2025.606009,4529.392731,1.258652831,2.814433291,6645.689217,14860.21285,FALSE,9/8/1911,1911-Sep-08 08:15,-1.84029E+12,7.184843031,25865.43491,16071.77538,0.205481744,79.93239822,30739631.15,19100721.09,Earth
2000719,2000719,719 Albert (A911 TB),Albert,719,http://ssd.jpl.nasa.gov/sbdb.cgi?sstr=2000719,15.59,2.025606009,4.529392731,2025.606009,4529.392731,1.258652831,2.814433291,6645.689217,14860.21285,FALSE,9/8/1941,1941-Sep-08 16:50,-8.93488E+11,7.30960551,26314.57984,16350.85656,0.205668355,80.0049899,30767547.76,19118067.66,Earth
2000719,2000719,719 Albert (A911 TB),Albert,719,http://ssd.jpl.nasa.gov/sbdb.cgi?sstr=2000719,15.59,2.025606009,4.529392731,2025.606009,4529.392731,1.258652831,2.814433291,6645.689217,14860.21285,FALSE,9/12/1956,1956-Sep-12 20:20,-4.19744E+11,3.263460627,11748.45826,7300.035075,1.417129757,551.2634754,211999593.1,131730438.8,Juptr
2000719,2000719,719 Albert (A911 TB),Albert,719,http://ssd.jpl.nasa.gov/sbdb.cgi?sstr=2000719,15.59,2.025606009,4.529392731,2025.606009,4529.392731,1.258652831,2.814433291,6645.689217,14860.21285,FALSE,9/6/1971,1971-Sep-06 04:03,52977780000,7.665565865,27596.03712,17147.10428,0.314750233,122.4378408,47085964.48,29257861.63,Earth
2000719,2000719,719 Albert (A911 TB),Albert,719,http://ssd.jpl.nasa.gov/sbdb.cgi?sstr=2000719,15.59,2.025606009,4.529392731,2025.606009,4529.392731,1.258652831,2.814433291,6645.689217,14860.21285,FALSE,9/5/2001,2001-Sep-05 00:40,9.9965E+11,7.653221609,27551.59779,17119.49142,0.284648981,110.7284536,42582881.24,26459775.45,Earth
2000719,2000719,719 Albert (A911 TB),Albert,719,http://ssd.jpl.nasa.gov/sbdb.cgi?sstr=2000719,15.59,2.025606009,4.529392731,2025.606009,4529.392731,1.258652831,2.814433291,6645.689217,14860.21285,FALSE,10/26/2003,2003-Oct-26 03:46,1.06714E+12,3.724128485,13406.86255,8330.503008,1.486598752,578.2869147,222392006.9,138187985.2,Juptr
2000719,2000719,719 Albert (A911 TB),Albert,719,http://ssd.jpl.nasa.gov/sbdb.cgi?sstr=2000719,15.59,2.025606009,4.529392731,2025.606009,4529.392731,1.258652831,2.814433291,6645.689217,14860.21285,FALSE,9/19/2048,2048-Sep-19 10:28,2.48412E+12,13.03944779,46942.01205,29167.94076,0.425663252,165.5830049,63678315.78,39567870.64,Earth
2000719,2000719,719 Albert (A911 TB),Albert,719,http://ssd.jpl.nasa.gov/sbdb.cgi?sstr=2000719,15.59,2.025606009,4.529392731,2025.606009,4529.392731,1.258652831,2.814433291,6645.689217,14860.21285,FALSE,11/15/2050,2050-Nov-15 11:59,2.55213E+12,5.004842767,18017.43396,11195.33279,1.95915843,762.1126292,293085928.1,182115150.9,Juptr
2000719,2000719,719 Albert (A911 TB),Albert,719,http://ssd.jpl.nasa.gov/sbdb.cgi?sstr=2000719,15.59,2.025606009,4.529392731,2025.606009,4529.392731,1.258652831,2.814433291,6645.689217,14860.21285,FALSE,10/10/2063,2063-Oct-10 19:16,2.95927E+12,3.416344847,12298.84145,7642.021787,1.563825951,608.3282949,233945031.3,145366701.7,Juptr
2000719,2000719,719 Albert (A911 TB),Albert,719,http://ssd.jpl.nasa.gov/sbdb.cgi?sstr=2000719,15.59,2.025606009,4.529392731,2025.606009,4529.392731,1.258652831,2.814433291,6645.689217,14860.21285,FALSE,9/10/2078,2078-Sep-10 05:26,3.43001E+12,7.52225455,27080.11638,16826.5312,0.2134596,83.03578424,31933101.43,19842309.13,Earth
2000719,2000719,719 Albert (A911 TB),Albert,719,http://ssd.jpl.nasa.gov/sbdb.cgi?sstr=2000719,15.59,2.025606009,4.529392731,2025.606009,4529.392731,1.258652831,2.814433291,6645.689217,14860.21285,FALSE,9/7/2108,2108-Sep-07 18:36,4.37649E+12,7.818688913,28147.28009,17489.62523,0.256861246,99.91902458,38425895.24,23876744.12,Earth
2000719,2000719,719 Albert (A911 TB),Albert,719,http://ssd.jpl.nasa.gov/sbdb.cgi?sstr=2000719,15.59,2.025606009,4.529392731,2025.606009,4529.392731,1.258652831,2.814433291,6645.689217,14860.21285,FALSE,11/8/2110,2110-Nov-08 03:30,4.44486E+12,3.467001362,12481.2049,7755.335346,1.389954664,540.6923641,207934257.1,129204356,Juptr
2000719,2000719,719 Albert (A911 TB),Albert,719,http://ssd.jpl.nasa.gov/sbdb.cgi?sstr=2000719,15.59,2.025606009,4.529392731,2025.606009,4529.392731,1.258652831,2.814433291,6645.689217,14860.21285,FALSE,9/8/2138,2138-Sep-08 23:41,5.32328E+12,8.606220583,30982.3941,19251.25482,0.367762384,143.0595674,55016469.31,34185648.82,Earth
2000719,2000719,719 Albert (A911 TB),Albert,719,http://ssd.jpl.nasa.gov/sbdb.cgi?sstr=2000719,15.59,2.025606009,4.529392731,2025.606009,4529.392731,1.258652831,2.814433291,6645.689217,14860.21285,FALSE,12/3/2157,2157-Dec-03 17:48,5.9303E+12,4.245830908,15284.99127,9497.499158,1.64442712,639.6821498,246002794.6,152859048.4,Juptr
2000719,2000719,719 Albert (A911 TB),Albert,719,http://ssd.jpl.nasa.gov/sbdb.cgi?sstr=2000719,15.59,2.025606009,4.529392731,2025.606009,4529.392731,1.258652831,2.814433291,6645.689217,14860.21285,FALSE,11/10/2170,2170-Nov-10 05:57,6.3385E+12,3.752796571,13510.06766,8394.63065,1.822842524,709.0857416,272693358.9,169443796,Juptr
2000719,2000719,719 Albert (A911 TB),Albert,719,http://ssd.jpl.nasa.gov/sbdb.cgi?sstr=2000719,15.59,2.025606009,4.529392731,2025.606009,4529.392731,1.258652831,2.814433291,6645.689217,14860.21285,FALSE,9/13/2185,2185-Sep-13 19:01,6.80692E+12,8.317375045,29942.55016,18605.13624,0.220071747,85.60790951,32922264.57,20456946.6,Earth
2000887,2000887,887 Alinda (A918 AA),Alinda,887,http://ssd.jpl.nasa.gov/sbdb.cgi?sstr=2000887,13.88,4.451998165,9.954970532,4451.998164,9954.970531,2.766342552,6.185729994,14606.29366,32660.66552,FALSE,1/4/1910,1910-Jan-04 16:47,-1.89314E+12,6.804788841,24497.23983,15221.63216,0.320542695,124.6911082,47952504.36,29796304.53,Earth
2000887,2000887,887 Alinda (A918 AA),Alinda,887,http://ssd.jpl.nasa.gov/sbdb.cgi?sstr=2000887,13.88,4.451998165,9.954970532,4451.998164,9954.970531,2.766342552,6.185729994,14606.29366,32660.66552,FALSE,1/2/1914,1914-Jan-02 20:24,-1.76707E+12,6.106627258,21983.85813,13659.91451,0.211315815,82.20185204,31612395.82,19643031.9,Earth
2000887,2000887,887 Alinda (A918 AA),Alinda,887,http://ssd.jpl.nasa.gov/sbdb.cgi?sstr=2000887,13.88,4.451998165,9.954970532,4451.998164,9954.970531,2.766342552,6.185729994,14606.29366,32660.66552,FALSE,1/3/1918,1918-Jan-03 12:57,-1.64078E+12,6.513575419,23448.87151,14570.21686,0.21624171,84.11802527,32349299.25,20100922.46,Earth
2000887,2000887,887 Alinda (A918 AA),Alinda,887,http://ssd.jpl.nasa.gov/sbdb.cgi?sstr=2000887,13.88,4.451998165,9.954970532,4451.998164,9954.970531,2.766342552,6.185729994,14606.29366,32660.66552,FALSE,1/3/1922,1922-Jan-03 20:13,-1.51452E+12,8.152406442,29348.66319,18236.11797,0.324854507,126.3684031,48597542.28,30197112.51,Earth
2000887,2000887,887 Alinda (A918 AA),Alinda,887,http://ssd.jpl.nasa.gov/sbdb.cgi?sstr=2000887,13.88,4.451998165,9.954970532,4451.998164,9954.970531,2.766342552,6.185729994,14606.29366,32660.66552,FALSE,1/6/1926,1926-Jan-06 17:45,-1.38804E+12,10.70385388,38533.87395,23943.45074,0.443538791,172.5365897,66352458.41,41229505.82,Earth
2000887,2000887,887 Alinda (A918 AA),Alinda,887,http://ssd.jpl.nasa.gov/sbdb.cgi?sstr=2000887,13.88,4.451998165,9.954970532,4451.998164,9954.970531,2.766342552,6.185729994,14606.29366,32660.66552,FALSE,1/20/1966,1966-Jan-20 07:29,-1.24562E+11,12.82409206,46166.73142,28686.21153,0.379301991,147.5484743,56742769.88,35258322.25,Earth
2000887,2000887,887 Alinda (A918 AA),Alinda,887,http://ssd.jpl.nasa.gov/sbdb.cgi?sstr=2000887,13.88,4.451998165,9.954970532,4451.998164,9954.970531,2.766342552,6.185729994,14606.29366,32660.66552,FALSE,1/11/1970,1970-Jan-11 14:00,914400000,8.841414566,31829.09244,19777.36024,0.228597064,88.92425778,34197633.82,21249424.31,Earth
2000887,2000887,887 Alinda (A918 AA),Alinda,887,http://ssd.jpl.nasa.gov/sbdb.cgi?sstr=2000887,13.88,4.451998165,9.954970532,4451.998164,9954.970531,2.766342552,6.185729994,14606.29366,32660.66552,FALSE,1/4/1974,1974-Jan-04 05:00,1.26508E+11,7.095974339,25545.50762,15872.985,0.136778728,53.20692508,20461806.33,12714376.88,Earth
2000887,2000887,887 Alinda (A918 AA),Alinda,887,http://ssd.jpl.nasa.gov/sbdb.cgi?sstr=2000887,13.88,4.451998165,9.954970532,4451.998164,9954.970531,2.766342552,6.185729994,14606.29366,32660.66552,FALSE,12/15/1977,1977-Dec-15 08:39,2.51023E+11,11.66219808,41983.91308,26087.17088,0.337965921,131.4687431,50558981.85,31415894.55,Earth
2000887,2000887,887 Alinda (A918 AA),Alinda,887,http://ssd.jpl.nasa.gov/sbdb.cgi?sstr=2000887,13.88,4.451998165,9.954970532,4451.998164,9954.970531,2.766342552,6.185729994,14606.29366,32660.66552,FALSE,1/8/2025,2025-Jan-08 13:40,1.73634E+12,8.248698991,29695.31637,18451.51477,0.082197689,31.9749009,12296599.15,7640752.404,Earth
2000887,2000887,887 Alinda (A918 AA),Alinda,887,http://ssd.jpl.nasa.gov/sbdb.cgi?sstr=2000887,13.88,4.451998165,9.954970532,4451.998164,9954.970531,2.766342552,6.185729994,14606.29366,32660.66552,FALSE,2/5/2056,2056-Feb-05 11:24,2.71698E+12,14.65582929,52760.98543,32783.62453,0.281743532,109.5982339,42148232.27,26189697.1,Earth
2000887,2000887,887 Alinda (A918 AA),Alinda,887,http://ssd.jpl.nasa.gov/sbdb.cgi?sstr=2000887,13.88,4.451998165,9.954970532,4451.998164,9954.970531,2.766342552,6.185729994,14606.29366,32660.66552,FALSE,1/25/2087,2087-Jan-25 21:50,3.69437E+12,11.26894702,40568.20929,25207.5076,0.166325016,64.70043119,24881868.11,15460875.91,Earth
2000887,2000887,887 Alinda (A918 AA),Alinda,887,http://ssd.jpl.nasa.gov/sbdb.cgi?sstr=2000887,13.88,4.451998165,9.954970532,4451.998164,9954.970531,2.766342552,6.185729994,14606.29366,32660.66552,FALSE,1/30/2122,2122-Jan-30 14:19,4.79923E+12,13.02254316,46881.15536,29130.12679,0.258403697,100.5190383,38656642.73,24020123.97,Earth
2000887,2000887,887 Alinda (A918 AA),Alinda,887,http://ssd.jpl.nasa.gov/sbdb.cgi?sstr=2000887,13.88,4.451998165,9.954970532,4451.998164,9954.970531,2.766342552,6.185729994,14606.29366,32660.66552,FALSE,12/1/2125,2125-Dec-01 05:00,4.92024E+12,15.30298966,55090.76278,34231.25757,0.364668111,141.855895,54553572.59,33898018.13,Earth
2001036,2001036,1036 Ganymed (A924 UB),Ganymed,1036,http://ssd.jpl.nasa.gov/sbdb.cgi?sstr=2001036,9.26,37.37274319,83.56799428,37372.74319,83567.99428,23.22233881,51.92672817,122613.9908,274173.2184,FALSE,2/25/1910,1910-Feb-25 08:36,-1.88867E+12,6.303866635,22693.91989,14101.11928,1.956256645,760.9838351,292651827.3,181845413.2,Juptr
2001036,2001036,1036 Ganymed (A924 UB),Ganymed,1036,http://ssd.jpl.nasa.gov/sbdb.cgi?sstr=2001036,9.26,37.37274319,83.56799428,37372.74319,83567.99428,23.22233881,51.92672817,122613.9908,274173.2184,FALSE,10/15/1911,1911-Oct-15 19:16,-1.83705E+12,17.09369805,61537.31297,38236.89316,0.381362764,148.3501152,57051057.19,35449883.11,Earth
2001036,2001036,1036 Ganymed (A924 UB),Ganymed,1036,http://ssd.jpl.nasa.gov/sbdb.cgi?sstr=2001036,9.26,37.37274319,83.56799428,37372.74319,83567.99428,23.22233881,51.92672817,122613.9908,274173.2184,FALSE,10/17/1924,1924-Oct-17 00:51,-1.42663E+12,19.36286822,69706.32559,43312.79992,0.496274607,193.0508219,74241624.07,46131606.04,Earth
2001036,2001036,1036 Ganymed (A924 UB),Ganymed,1036,http://ssd.jpl.nasa.gov/sbdb.cgi?sstr=2001036,9.26,37.37274319,83.56799428,37372.74319,83567.99428,23.22233881,51.92672817,122613.9908,274173.2184,FALSE,10/14/1998,1998-Oct-14 05:12,9.08342E+11,13.63997679,49103.91646,30511.26409,0.464262934,180.5982811,69452745.97,43155935.18,Earth
2001036,2001036,1036 Ganymed (A924 UB),Ganymed,1036,http://ssd.jpl.nasa.gov/sbdb.cgi?sstr=2001036,9.26,37.37274319,83.56799428,37372.74319,83567.99428,23.22233881,51.92672817,122613.9908,274173.2184,FALSE,10/13/2011,2011-Oct-13 00:04,1.31846E+12,14.3047015,51496.92539,31998.18678,0.359104236,139.6915478,53721228.8,33380823.69,Earth
2001036,2001036,1036 Ganymed (A924 UB),Ganymed,1036,http://ssd.jpl.nasa.gov/sbdb.cgi?sstr=2001036,9.26,37.37274319,83.56799428,37372.74319,83567.99428,23.22233881,51.92672817,122613.9908,274173.2184,FALSE,10/13/2024,2024-Oct-13 01:56,1.72878E+12,16.33437316,58803.74339,36538.35933,0.374097082,145.5237648,55964126.61,34774495.76,Earth
2001036,2001036,1036 Ganymed (A924 UB),Ganymed,1036,http://ssd.jpl.nasa.gov/sbdb.cgi?sstr=2001036,9.26,37.37274319,83.56799428,37372.74319,83567.99428,23.22233881,51.92672817,122613.9908,274173.2184,FALSE,10/15/2037,2037-Oct-15 18:31,2.13924E+12,18.68105286,67251.79031,41787.64715,0.466187514,181.3469429,69740659.1,43334836.1,Earth
2001036,2001036,1036 Ganymed (A924 UB),Ganymed,1036,http://ssd.jpl.nasa.gov/sbdb.cgi?sstr=2001036,9.26,37.37274319,83.56799428,37372.74319,83567.99428,23.22233881,51.92672817,122613.9908,274173.2184,FALSE,6/30/2040,2040-Jun-30 21:47,2.22471E+12,6.67287176,24022.33833,14926.54684,1.957623966,761.5157229,292856375.6,181972513.6,Juptr
2001036,2001036,1036 Ganymed (A924 UB),Ganymed,1036,http://ssd.jpl.nasa.gov/sbdb.cgi?sstr=2001036,9.26,37.37274319,83.56799428,37372.74319,83567.99428,23.22233881,51.92672817,122613.9908,274173.2184,FALSE,12/7/2050,2050-Dec-07 07:15,2.55401E+12,14.98029756,53929.07122,33509.42761,0.095658904,37.21131358,14310368.26,8892050.504,Mars
2001036,2001036,1036 Ganymed (A924 UB),Ganymed,1036,http://ssd.jpl.nasa.gov/sbdb.cgi?sstr=2001036,9.26,37.37274319,83.56799428,37372.74319,83567.99428,23.22233881,51.92672817,122613.9908,274173.2184,FALSE,5/12/2088,2088-May-12 05:03,3.73518E+12,6.220393299,22393.41588,13914.39777,1.959770464,762.3507106,293177487.1,182172043.1,Juptr
2001036,2001036,1036 Ganymed (A924 UB),Ganymed,1036,http://ssd.jpl.nasa.gov/sbdb.cgi?sstr=2001036,9.26,37.37274319,83.56799428,37372.74319,83567.99428,23.22233881,51.92672817,122613.9908,274173.2184,FALSE,10/12/2124,2124-Oct-12 21:42,4.88444E+12,14.47163473,52097.88504,32371.59974,0.376347903,146.3993342,56300844.64,34983722.64,Earth
2001036,2001036,1036 Ganymed (A924 UB),Ganymed,1036,http://ssd.jpl.nasa.gov/sbdb.cgi?sstr=2001036,9.26,37.37274319,83.56799428,37372.74319,83567.99428,23.22233881,51.92672817,122613.9908,274173.2184,FALSE,10/12/2137,2137-Oct-12 19:09,5.29466E+12,15.01720323,54061.93163,33591.9819,0.359157294,139.7121873,53729166.15,33385755.73,Earth
2001036,2001036,1036 Ganymed (A924 UB),Ganymed,1036,http://ssd.jpl.nasa.gov/sbdb.cgi?sstr=2001036,9.26,37.37274319,83.56799428,37372.74319,83567.99428,23.22233881,51.92672817,122613.9908,274173.2184,FALSE,10/13/2150,2150-Oct-13 20:02,5.70498E+12,16.90545948,60859.65414,37815.82232,0.412598349,160.5007579,61723834.24,38353412.12,Earth
2001036,2001036,1036 Ganymed (A924 UB),Ganymed,1036,http://ssd.jpl.nasa.gov/sbdb.cgi?sstr=2001036,9.26,37.37274319,83.56799428,37372.74319,83567.99428,23.22233881,51.92672817,122613.9908,274173.2184,FALSE,12/16/2176,2176-Dec-16 13:29,6.53102E+12,15.74985588,56699.48115,35230.85261,0.028683649,11.15793958,4291012.839,2666311.74,Mars
2001221,2001221,1221 Amor (1932 EA1),Amor,1221,http://ssd.jpl.nasa.gov/sbdb.cgi?sstr=2001221,17.37,0.892390579,1.995445996,892.3905787,1995.445996,0.554505626,1.239912274,2927.790706,6546.739043,FALSE,3/8/1900,1900-Mar-08 23:35,-2.2032E+12,13.26938014,47769.76849,29682.27643,0.285048934,110.8840353,42642713.36,26496953.4,Earth
2001221,2001221,1221 Amor (1932 EA1),Amor,1221,http://ssd.jpl.nasa.gov/sbdb.cgi?sstr=2001221,17.37,0.892390579,1.995445996,892.3905787,1995.445996,0.554505626,1.239912274,2927.790706,6546.739043,FALSE,3/14/1908,1908-Mar-14 13:15,-1.95026E+12,10.77014689,38772.52881,24091.74159,0.183910933,71.54135286,27512683.82,17095588.99,Earth
2001221,2001221,1221 Amor (1932 EA1),Amor,1221,http://ssd.jpl.nasa.gov/sbdb.cgi?sstr=2001221,17.37,0.892390579,1.995445996,892.3905787,1995.445996,0.554505626,1.239912274,2927.790706,6546.739043,FALSE,3/17/1916,1916-Mar-17 22:06,-1.69751E+12,9.557517139,34407.0617,21379.21009,0.135429431,52.68204854,20259954.37,12588951.89,Earth
2001221,2001221,1221 Amor (1932 EA1),Amor,1221,http://ssd.jpl.nasa.gov/sbdb.cgi?sstr=2001221,17.37,0.892390579,1.995445996,892.3905787,1995.445996,0.554505626,1.239912274,2927.790706,6546.739043,FALSE,3/20/1924,1924-Mar-20 12:01,-1.44482E+12,8.85562666,31880.25598,19809.15128,0.116223938,45.21111169,17386853.49,10803689.79,Earth
2001221,2001221,1221 Amor (1932 EA1),Amor,1221,http://ssd.jpl.nasa.gov/sbdb.cgi?sstr=2001221,17.37,0.892390579,1.995445996,892.3905787,1995.445996,0.554505626,1.239912274,2927.790706,6546.739043,FALSE,3/22/1932,1932-Mar-22 14:22,-1.19218E+12,8.394932468,30221.75688,18778.62444,0.107828494,41.94528409,16130913,10023284.55,Earth
2001221,2001221,1221 Amor (1932 EA1),Amor,1221,http://ssd.jpl.nasa.gov/sbdb.cgi?sstr=2001221,17.37,0.892390579,1.995445996,892.3905787,1995.445996,0.554505626,1.239912274,2927.790706,6546.739043,FALSE,3/22/1940,1940-Mar-22 20:08,-9.397E+11,8.368425576,30126.33207,18719.33117,0.105276978,40.95274444,15749211.67,9786106.343,Earth
2001221,2001221,1221 Amor (1932 EA1),Amor,1221,http://ssd.jpl.nasa.gov/sbdb.cgi?sstr=2001221,17.37,0.892390579,1.995445996,892.3905787,1995.445996,0.554505626,1.239912274,2927.790706,6546.739043,FALSE,3/21/1948,1948-Mar-21 19:24,-6.87329E+11,8.574764431,30869.15195,19180.89056,0.109861522,42.7361321,16435049.7,10212266.34,Earth
2001221,2001221,1221 Amor (1932 EA1),Amor,1221,http://ssd.jpl.nasa.gov/sbdb.cgi?sstr=2001221,17.37,0.892390579,1.995445996,892.3905787,1995.445996,0.554505626,1.239912274,2927.790706,6546.739043,FALSE,3/21/1956,1956-Mar-21 06:18,-4.34915E+11,8.718415432,31386.29555,19502.22348,0.114812224,44.66195502,17175664.12,10672462.79,Earth
2001221,2001221,1221 Amor (1932 EA1),Amor,1221,http://ssd.jpl.nasa.gov/sbdb.cgi?sstr=2001221,17.37,0.892390579,1.995445996,892.3905787,1995.445996,0.554505626,1.239912274,2927.790706,6546.739043,FALSE,3/19/1964,1964-Mar-19 02:53,-1.82639E+11,9.312871899,33526.33884,20831.96315,0.12818076,49.86231552,19175568.63,11915145.83,Earth
2001221,2001221,1221 Amor (1932 EA1),Amor,1221,http://ssd.jpl.nasa.gov/sbdb.cgi?sstr=2001221,17.37,0.892390579,1.995445996,892.3905787,1995.445996,0.554505626,1.239912274,2927.790706,6546.739043,FALSE,3/14/1972,1972-Mar-14 08:55,69411300000,11.08095433,39891.43559,24786.98674,0.195411752,76.01517137,29233181.81,18164656.87,Earth
2001221,2001221,1221 Amor (1932 EA1),Amor,1221,http://ssd.jpl.nasa.gov/sbdb.cgi?sstr=2001221,17.37,0.892390579,1.995445996,892.3905787,1995.445996,0.554505626,1.239912274,2927.790706,6546.739043,FALSE,3/9/1980,1980-Mar-09 23:31,3.21493E+11,13.19129959,47488.67851,29507.61804,0.280166133,108.9846256,41912256.7,26043068.68,Earth
2001221,2001221,1221 Amor (1932 EA1),Amor,1221,http://ssd.jpl.nasa.gov/sbdb.cgi?sstr=2001221,17.37,0.892390579,1.995445996,892.3905787,1995.445996,0.554505626,1.239912274,2927.790706,6546.739043,FALSE,3/5/1988,1988-Mar-05 01:32,5.73529E+11,15.60059655,56162.14758,34896.97442,0.368012665,143.1569266,55053910.79,34208913.87,Earth
2001221,2001221,1221 Amor (1932 EA1),Amor,1221,http://ssd.jpl.nasa.gov/sbdb.cgi?sstr=2001221,17.37,0.892390579,1.995445996,892.3905787,1995.445996,0.554505626,1.239912274,2927.790706,6546.739043,FALSE,5/14/2065,2065-May-14 22:38,3.00957E+12,16.50385012,59413.86044,36917.46234,0.4969991,193.3326497,74350006.68,46198951.88,Earth
2001221,2001221,1221 Amor (1932 EA1),Amor,1221,http://ssd.jpl.nasa.gov/sbdb.cgi?sstr=2001221,17.37,0.892390579,1.995445996,892.3905787,1995.445996,0.554505626,1.239912274,2927.790706,6546.739043,FALSE,4/30/2073,2073-Apr-30 15:11,3.26079E+12,12.3264976,44375.39136,27573.14248,0.368688116,143.419677,55154956.82,34271700.97,Earth
2001221,2001221,1221 Amor (1932 EA1),Amor,1221,http://ssd.jpl.nasa.gov/sbdb.cgi?sstr=2001221,17.37,0.892390579,1.995445996,892.3905787,1995.445996,0.554505626,1.239912274,2927.790706,6546.739043,FALSE,4/15/2081,2081-Apr-15 04:26,3.51192E+12,9.078481039,32682.53174,20307.65424,0.256670192,99.84470449,38397313.94,23858984.53,Earth
2001221,2001221,1221 Amor (1932 EA1),Amor,1221,http://ssd.jpl.nasa.gov/sbdb.cgi?sstr=2001221,17.37,0.892390579,1.995445996,892.3905787,1995.445996,0.554505626,1.239912274,2927.790706,6546.739043,FALSE,4/7/2089,2089-Apr-07 05:22,3.76369E+12,7.900199433,28440.71796,17671.95611,0.19748712,76.82248949,29543652.43,18357574.37,Earth
2001221,2001221,1221 Amor (1932 EA1),Amor,1221,http://ssd.jpl.nasa.gov/sbdb.cgi?sstr=2001221,17.37,0.892390579,1.995445996,892.3905787,1995.445996,0.554505626,1.239912274,2927.790706,6546.739043,FALSE,3/31/2097,2097-Mar-31 04:56,4.01554E+12,7.564783706,27233.22134,16921.66467,0.140527581,54.66522893,21022626.76,13062854.54,Earth
2001221,2001221,1221 Amor (1932 EA1),Amor,1221,http://ssd.jpl.nasa.gov/sbdb.cgi?sstr=2001221,17.37,0.892390579,1.995445996,892.3905787,1995.445996,0.554505626,1.239912274,2927.790706,6546.739043,FALSE,3/28/2105,2105-Mar-28 01:54,4.26765E+12,7.850226672,28260.81602,17560.17204,0.113976613,44.33690234,17050658.49,10594787.9,Earth
2001221,2001221,1221 Amor (1932 EA1),Amor,1221,http://ssd.jpl.nasa.gov/sbdb.cgi?sstr=2001221,17.37,0.892390579,1.995445996,892.3905787,1995.445996,0.554505626,1.239912274,2927.790706,6546.739043,FALSE,3/28/2113,2113-Mar-28 03:53,4.52012E+12,7.82709085,28177.52706,17508.41952,0.115344754,44.86910915,17255329.45,10721964.54,Earth
2001221,2001221,1221 Amor (1932 EA1),Amor,1221,http://ssd.jpl.nasa.gov/sbdb.cgi?sstr=2001221,17.37,0.892390579,1.995445996,892.3905787,1995.445996,0.554505626,1.239912274,2927.790706,6546.739043,FALSE,3/27/2121,2121-Mar-27 04:24,4.77249E+12,7.974653063,28708.75103,17838.50144,0.110950058,43.15957237,16597892.28,10313452.02,Earth
2001221,2001221,1221 Amor (1932 EA1),Amor,1221,http://ssd.jpl.nasa.gov/sbdb.cgi?sstr=2001221,17.37,0.892390579,1.995445996,892.3905787,1995.445996,0.554505626,1.239912274,2927.790706,6546.739043,FALSE,3/25/2129,2129-Mar-25 14:40,5.02482E+12,8.259040431,29732.54555,18474.64754,0.108299015,42.1283168,16201301.95,10067022.22,Earth
2001221,2001221,1221 Amor (1932 EA1),Amor,1221,http://ssd.jpl.nasa.gov/sbdb.cgi?sstr=2001221,17.37,0.892390579,1.995445996,892.3905787,1995.445996,0.554505626,1.239912274,2927.790706,6546.739043,FALSE,3/26/2137,2137-Mar-26 08:41,5.27734E+12,8.115478675,29215.72323,18153.51425,0.110881929,43.13307019,16587700.33,10307119.03,Earth
2001221,2001221,1221 Amor (1932 EA1),Amor,1221,http://ssd.jpl.nasa.gov/sbdb.cgi?sstr=2001221,17.37,0.892390579,1.995445996,892.3905787,1995.445996,0.554505626,1.239912274,2927.790706,6546.739043,FALSE,3/25/2145,2145-Mar-25 20:47,5.52976E+12,8.231837501,29634.615,18413.79731,0.109182645,42.47204902,16333491.18,10149160.8,Earth
2001221,2001221,1221 Amor (1932 EA1),Amor,1221,http://ssd.jpl.nasa.gov/sbdb.cgi?sstr=2001221,17.37,0.892390579,1.995445996,892.3905787,1995.445996,0.554505626,1.239912274,2927.790706,6546.739043,FALSE,3/23/2153,2153-Mar-23 13:24,5.78202E+12,8.78012271,31608.44176,19640.25649,0.11465546,44.60097386,17152212.57,10657890.68,Earth
2001221,2001221,1221 Amor (1932 EA1),Amor,1221,http://ssd.jpl.nasa.gov/sbdb.cgi?sstr=2001221,17.37,0.892390579,1.995445996,892.3905787,1995.445996,0.554505626,1.239912274,2927.790706,6546.739043,FALSE,3/21/2161,2161-Mar-21 22:17,6.03434E+12,9.300928348,33483.34205,20805.24662,0.131477567,51.14477368,19668764.02,12221603.24,Earth
2001221,2001221,1221 Amor (1932 EA1),Amor,1221,http://ssd.jpl.nasa.gov/sbdb.cgi?sstr=2001221,17.37,0.892390579,1.995445996,892.3905787,1995.445996,0.554505626,1.239912274,2927.790706,6546.739043,FALSE,3/18/2169,2169-Mar-18 15:12,6.28652E+12,10.48398761,37742.35538,23451.63188,0.169799425,66.0519764,25401632.34,15783842.43,Earth
2001221,2001221,1221 Amor (1932 EA1),Amor,1221,http://ssd.jpl.nasa.gov/sbdb.cgi?sstr=2001221,17.37,0.892390579,1.995445996,892.3905787,1995.445996,0.554505626,1.239912274,2927.790706,6546.739043,FALSE,3/12/2177,2177-Mar-12 21:31,6.53848E+12,12.95484907,46637.45665,28978.70188,0.260966806,101.5160877,39040078.38,24258379.83,Earth
2001221,2001221,1221 Amor (1932 EA1),Amor,1221,http://ssd.jpl.nasa.gov/sbdb.cgi?sstr=2001221,17.37,0.892390579,1.995445996,892.3905787,1995.445996,0.554505626,1.239912274,2927.790706,6546.739043,FALSE,3/7/2185,2185-Mar-07 20:51,6.79051E+12,15.73206658,56635.43968,35191.05973,0.370353517,144.067518,55404097.23,34426509.64,Earth
2001221,2001221,1221 Amor (1932 EA1),Amor,1221,http://ssd.jpl.nasa.gov/sbdb.cgi?sstr=2001221,17.37,0.892390579,1.995445996,892.3905787,1995.445996,0.554505626,1.239912274,2927.790706,6546.739043,FALSE,3/2/2193,2193-Mar-02 19:29,7.04253E+12,18.6423606,67112.49815,41701.09642,0.477696337,185.8238749,71462354.45,44404647.98,Earth
2001566,2001566,1566 Icarus (1949 MA),Icarus,1566,http://ssd.jpl.nasa.gov/sbdb.cgi?sstr=2001566,16.59,1.278070988,2.85785361,1278.070988,2857.85361,0.794156248,1.775787355,4193.146421,9376.160437,TRUE,6/11/1902,1902-Jun-11 20:20,-2.13193E+12,27.00808618,97229.11026,60414.38798,0.084483235,32.86397822,12638511.93,7853207.156,Earth
2001566,2001566,1566 Icarus (1949 MA),Icarus,1566,http://ssd.jpl.nasa.gov/sbdb.cgi?sstr=2001566,16.59,1.278070988,2.85785361,1278.070988,2857.85361,0.794156248,1.775787355,4193.146421,9376.160437,TRUE,9/1/1906,1906-Sep-01 21:08,-1.99862E+12,25.15199152,90547.16948,56262.48983,0.386057428,150.1763393,57753368.85,35886279.34,Earth
2001566,2001566,1566 Icarus (1949 MA),Icarus,1566,http://ssd.jpl.nasa.gov/sbdb.cgi?sstr=2001566,16.59,1.278070988,2.85785361,1278.070988,2857.85361,0.794156248,1.775787355,4193.146421,9376.160437,TRUE,6/8/1911,1911-Jun-08 11:07,-1.84823E+12,21.47375797,77305.5287,48034.64921,0.336185506,130.7761617,50292635.58,31250394.65,Earth
2001566,2001566,1566 Icarus (1949 MA),Icarus,1566,http://ssd.jpl.nasa.gov/sbdb.cgi?sstr=2001566,16.59,1.278070988,2.85785361,1278.070988,2857.85361,0.794156248,1.775787355,4193.146421,9376.160437,TRUE,6/26/1912,1912-Jun-26 09:25,-1.81506E+12,38.33330564,137999.9003,85747.77137,0.307051611,119.4430768,45934267.03,28542230.01,Earth
2001566,2001566,1566 Icarus (1949 MA),Icarus,1566,http://ssd.jpl.nasa.gov/sbdb.cgi?sstr=2001566,16.59,1.278070988,2.85785361,1278.070988,2857.85361,0.794156248,1.775787355,4193.146421,9376.160437,TRUE,8/9/1914,1914-Aug-09 15:15,-1.74816E+12,42.89739359,154430.6169,95957.17973,0.099389166,38.6623855,14868407.5,9238800.015,Merc
2001566,2001566,1566 Icarus (1949 MA),Icarus,1566,http://ssd.jpl.nasa.gov/sbdb.cgi?sstr=2001566,16.59,1.278070988,2.85785361,1278.070988,2857.85361,0.794156248,1.775787355,4193.146421,9376.160437,TRUE,8/21/1915,1915-Aug-21 23:01,-1.71556E+12,33.26797555,119764.712,74417.1345,0.40386052,157.1017422,60416673.54,37541180.13,Earth
2001566,2001566,1566 Icarus (1949 MA),Icarus,1566,http://ssd.jpl.nasa.gov/sbdb.cgi?sstr=2001566,16.59,1.278070988,2.85785361,1278.070988,2857.85361,0.794156248,1.775787355,4193.146421,9376.160437,TRUE,6/15/1921,1921-Jun-15 13:34,-1.532E+12,30.20128296,108724.6187,67557.24986,0.057252083,22.27106033,8564789.685,5321913.53,Earth
2001566,2001566,1566 Icarus (1949 MA),Icarus,1566,http://ssd.jpl.nasa.gov/sbdb.cgi?sstr=2001566,16.59,1.278070988,2.85785361,1278.070988,2857.85361,0.794156248,1.775787355,4193.146421,9376.160437,TRUE,9/5/1925,1925-Sep-05 01:06,-1.39873E+12,21.90535342,78859.27231,49000.08507,0.435899525,169.5649151,65209640.41,40519391.64,Earth
2001566,2001566,1566 Icarus (1949 MA),Icarus,1566,http://ssd.jpl.nasa.gov/sbdb.cgi?sstr=2001566,16.59,1.278070988,2.85785361,1278.070988,2857.85361,0.794156248,1.775787355,4193.146421,9376.160437,TRUE,2/18/1928,1928-Feb-18 02:03,-1.32131E+12,30.44542522,109603.5308,68103.37167,0.133201512,51.81538832,19926662.54,12381853.95,Venus
2001566,2001566,1566 Icarus (1949 MA),Icarus,1566,http://ssd.jpl.nasa.gov/sbdb.cgi?sstr=2001566,16.59,1.278070988,2.85785361,1278.070988,2857.85361,0.794156248,1.775787355,4193.146421,9376.160437,TRUE,6/8/1930,1930-Jun-08 19:39,-1.24858E+12,23.56738111,84842.57198,52717.8748,0.220047048,85.59830148,32918569.61,20454650.66,Earth
2001566,2001566,1566 Icarus (1949 MA),Icarus,1566,http://ssd.jpl.nasa.gov/sbdb.cgi?sstr=2001566,16.59,1.278070988,2.85785361,1278.070988,2857.85361,0.794156248,1.775787355,4193.146421,9376.160437,TRUE,7/2/1931,1931-Jul-02 22:56,-1.21496E+12,42.27811979,152201.2313,94571.92617,0.423302929,164.6648394,63325216.56,39348464.96,Earth
2001566,2001566,1566 Icarus (1949 MA),Icarus,1566,http://ssd.jpl.nasa.gov/sbdb.cgi?sstr=2001566,16.59,1.278070988,2.85785361,1278.070988,2857.85361,0.794156248,1.775787355,4193.146421,9376.160437,TRUE,8/27/1934,1934-Aug-27 11:44,-1.11547E+12,29.39305197,105814.9871,65749.31795,0.372026803,144.7184264,55654417.31,34582051.33,Earth
2001566,2001566,1566 Icarus (1949 MA),Icarus,1566,http://ssd.jpl.nasa.gov/sbdb.cgi?sstr=2001566,16.59,1.278070988,2.85785361,1278.070988,2857.85361,0.794156248,1.775787355,4193.146421,9376.160437,TRUE,6/10/1939,1939-Jun-10 17:55,-9.64419E+11,20.26477867,72953.2032,45330.2834,0.458325051,178.2884449,68564451.41,42603974.53,Earth
2001566,2001566,1566 Icarus (1949 MA),Icarus,1566,http://ssd.jpl.nasa.gov/sbdb.cgi?sstr=2001566,16.59,1.278070988,2.85785361,1278.070988,2857.85361,0.794156248,1.775787355,4193.146421,9376.160437,TRUE,6/14/1939,1939-Jun-14 01:07,-9.64134E+11,24.52933232,88305.59636,54869.66347,0.07192793,27.97996477,10760265.12,6686118.707,Mars
2001566,2001566,1566 Icarus (1949 MA),Icarus,1566,http://ssd.jpl.nasa.gov/sbdb.cgi?sstr=2001566,16.59,1.278070988,2.85785361,1278.070988,2857.85361,0.794156248,1.775787355,4193.146421,9376.160437,TRUE,6/9/1940,1940-Jun-09 04:40,-9.3293E+11,32.09680696,115548.5051,71797.3475,0.107700416,41.89546167,16111752.77,10011378.94,Venus
2001566,2001566,1566 Icarus (1949 MA),Icarus,1566,http://ssd.jpl.nasa.gov/sbdb.cgi?sstr=2001566,16.59,1.278070988,2.85785361,1278.070988,2857.85361,0.794156248,1.775787355,4193.146421,9376.160437,TRUE,6/20/1940,1940-Jun-20 13:42,-9.31947E+11,34.05500074,122598.0027,76177.63115,0.174710049,67.96220898,26136251.17,16240313.4,Earth
2001566,2001566,1566 Icarus (1949 MA),Icarus,1566,http://ssd.jpl.nasa.gov/sbdb.cgi?sstr=2001566,16.59,1.278070988,2.85785361,1278.070988,2857.85361,0.794156248,1.775787355,4193.146421,9376.160437,TRUE,8/15/1943,1943-Aug-15 15:46,-8.32494E+11,37.62028785,135433.0363,84152.82189,0.472312394,183.7295213,70656928.12,43904179.27,Earth
2001566,2001566,1566 Icarus (1949 MA),Icarus,1566,http://ssd.jpl.nasa.gov/sbdb.cgi?sstr=2001566,16.59,1.278070988,2.85785361,1278.070988,2857.85361,0.794156248,1.775787355,4193.146421,9376.160437,TRUE,4/19/1949,1949-Apr-19 21:19,-6.5328E+11,35.66696637,128401.0789,79783.43707,0.092012309,35.79278824,13764845.46,8553078.354,Merc
2001566,2001566,1566 Icarus (1949 MA),Icarus,1566,http://ssd.jpl.nasa.gov/sbdb.cgi?sstr=2001566,16.59,1.278070988,2.85785361,1278.070988,2857.85361,0.794156248,1.775787355,4193.146421,9376.160437,TRUE,6/11/1949,1949-Jun-11 09:20,-6.48744E+11,26.55146827,95585.28578,59392.97938,0.098698677,38.39378524,14765111.81,9174615.044,Earth
2001566,2001566,1566 Icarus (1949 MA),Icarus,1566,http://ssd.jpl.nasa.gov/sbdb.cgi?sstr=2001566,16.59,1.278070988,2.85785361,1278.070988,2857.85361,0.794156248,1.775787355,4193.146421,9376.160437,TRUE,9/29/1952,1952-Sep-29 07:06,-5.44554E+11,33.67385486,121225.8775,75325.04593,0.091654312,35.65352733,13711289.84,8519800.436,Venus
2001566,2001566,1566 Icarus (1949 MA),Icarus,1566,http://ssd.jpl.nasa.gov/sbdb.cgi?sstr=2001566,16.59,1.278070988,2.85785361,1278.070988,2857.85361,0.794156248,1.775787355,4193.146421,9376.160437,TRUE,9/1/1953,1953-Sep-01 09:15,-5.15429E+11,25.65579901,92360.87642,57389.45679,0.380777158,148.1223144,56963451.77,35395447.62,Earth
2001566,2001566,1566 Icarus (1949 MA),Icarus,1566,http://ssd.jpl.nasa.gov/sbdb.cgi?sstr=2001566,16.59,1.278070988,2.85785361,1278.070988,2857.85361,0.794156248,1.775787355,4193.146421,9376.160437,TRUE,6/8/1958,1958-Jun-08 15:03,-3.64986E+11,21.22940547,76425.85971,47488.05711,0.353170231,137.3832199,52833514.32,32829223.49,Earth
2001566,2001566,1566 Icarus (1949 MA),Icarus,1566,http://ssd.jpl.nasa.gov/sbdb.cgi?sstr=2001566,16.59,1.278070988,2.85785361,1278.070988,2857.85361,0.794156248,1.775787355,4193.146421,9376.160437,TRUE,6/26/1959,1959-Jun-26 14:26,-3.31897E+11,37.74272623,135873.8144,84426.70429,0.288843822,112.3602467,43210420.52,26849710.27,Earth
2001566,2001566,1566 Icarus (1949 MA),Icarus,1566,http://ssd.jpl.nasa.gov/sbdb.cgi?sstr=2001566,16.59,1.278070988,2.85785361,1278.070988,2857.85361,0.794156248,1.775787355,4193.146421,9376.160437,TRUE,8/21/1962,1962-Aug-21 02:43,-2.32406E+11,33.92105125,122115.7845,75877.99955,0.411019286,159.8865023,61487609.73,38206629.02,Earth
2001566,2001566,1566 Icarus (1949 MA),Icarus,1566,http://ssd.jpl.nasa.gov/sbdb.cgi?sstr=2001566,16.59,1.278070988,2.85785361,1278.070988,2857.85361,0.794156248,1.775787355,4193.146421,9376.160437,TRUE,1/19/1965,1965-Jan-19 02:07,-1.56204E+11,34.77886353,125203.9087,77796.83983,0.086945873,33.82194471,13006917.45,8082123.731,Venus
2001566,2001566,1566 Icarus (1949 MA),Icarus,1566,http://ssd.jpl.nasa.gov/sbdb.cgi?sstr=2001566,16.59,1.278070988,2.85785361,1278.070988,2857.85361,0.794156248,1.775787355,4193.146421,9376.160437,TRUE,4/25/1968,1968-Apr-25 13:51,-53172540000,40.5829825,146098.737,90780.07356,0.091490431,35.58977746,13686773.53,8504566.708,Merc
2001566,2001566,1566 Icarus (1949 MA),Icarus,1566,http://ssd.jpl.nasa.gov/sbdb.cgi?sstr=2001566,16.59,1.278070988,2.85785361,1278.070988,2857.85361,0.794156248,1.775787355,4193.146421,9376.160437,TRUE,6/14/1968,1968-Jun-14 20:39,-48828060000,29.60502628,106578.0946,66223.48328,0.042482208,16.52557872,6355247.755,3948967.839,Earth
2001566,2001566,1566 Icarus (1949 MA),Icarus,1566,http://ssd.jpl.nasa.gov/sbdb.cgi?sstr=2001566,16.59,1.278070988,2.85785361,1278.070988,2857.85361,0.794156248,1.775787355,4193.146421,9376.160437,TRUE,9/4/1972,1972-Sep-04 18:18,84478680000,22.42644253,80735.19312,50165.70931,0.424823052,165.2561674,63552623.77,39489769.24,Earth
2001566,2001566,1566 Icarus (1949 MA),Icarus,1566,http://ssd.jpl.nasa.gov/sbdb.cgi?sstr=2001566,16.59,1.278070988,2.85785361,1278.070988,2857.85361,0.794156248,1.775787355,4193.146421,9376.160437,TRUE,5/11/1977,1977-May-11 10:27,2.32194E+11,36.6241257,131846.8525,81924.50678,0.093271578,36.28264396,13953229.45,8670134.738,Venus
2001566,2001566,1566 Icarus (1949 MA),Icarus,1566,http://ssd.jpl.nasa.gov/sbdb.cgi?sstr=2001566,16.59,1.278070988,2.85785361,1278.070988,2857.85361,0.794156248,1.775787355,4193.146421,9376.160437,TRUE,6/8/1977,1977-Jun-08 14:37,2.34629E+11,23.15960604,83374.58173,51805.72274,0.238678007,92.84574461,35705721.42,22186506.49,Earth
2001566,2001566,1566 Icarus (1949 MA),Icarus,1566,http://ssd.jpl.nasa.gov/sbdb.cgi?sstr=2001566,16.59,1.278070988,2.85785361,1278.070988,2857.85361,0.794156248,1.775787355,4193.146421,9376.160437,TRUE,7/2/1978,1978-Jul-02 02:52,2.68196E+11,41.68952881,150082.3037,93255.30698,0.405355426,157.6832605,60640308.25,37680140.29,Earth
2001566,2001566,1566 Icarus (1949 MA),Icarus,1566,http://ssd.jpl.nasa.gov/sbdb.cgi?sstr=2001566,16.59,1.278070988,2.85785361,1278.070988,2857.85361,0.794156248,1.775787355,4193.146421,9376.160437,TRUE,8/26/1981,1981-Aug-26 20:57,3.67707E+11,29.92455018,107728.3807,66938.22631,0.373136164,145.1499677,55820375.32,34685172.85,Earth
2001566,2001566,1566 Icarus (1949 MA),Icarus,1566,http://ssd.jpl.nasa.gov/sbdb.cgi?sstr=2001566,16.59,1.278070988,2.85785361,1278.070988,2857.85361,0.794156248,1.775787355,4193.146421,9376.160437,TRUE,6/11/1986,1986-Jun-11 02:10,5.1884E+11,20.20629437,72742.65974,45199.45988,0.470719114,183.1097352,70418576.76,43756074.6,Earth
2001566,2001566,1566 Icarus (1949 MA),Icarus,1566,http://ssd.jpl.nasa.gov/sbdb.cgi?sstr=2001566,16.59,1.278070988,2.85785361,1278.070988,2857.85361,0.794156248,1.775787355,4193.146421,9376.160437,TRUE,6/18/1986,1986-Jun-18 23:17,5.19521E+11,22.87371251,82345.36505,51166.20752,0.062642668,24.36799766,9371209.629,5822999.647,Mars
2001566,2001566,1566 Icarus (1949 MA),Icarus,1566,http://ssd.jpl.nasa.gov/sbdb.cgi?sstr=2001566,16.59,1.278070988,2.85785361,1278.070988,2857.85361,0.794156248,1.775787355,4193.146421,9376.160437,TRUE,5/5/1987,1987-May-05 08:06,5.472E+11,42.79887529,154075.951,95736.80414,0.098111218,38.16526369,14677229.19,9120007.319,Merc
2001566,2001566,1566 Icarus (1949 MA),Icarus,1566,http://ssd.jpl.nasa.gov/sbdb.cgi?sstr=2001566,16.59,1.278070988,2.85785361,1278.070988,2857.85361,0.794156248,1.775787355,4193.146421,9376.160437,TRUE,6/21/1987,1987-Jun-21 00:47,5.51235E+11,33.64260858,121113.3909,75255.15112,0.160728622,62.52343396,24044659.5,14940658.61,Earth
2001566,2001566,1566 Icarus (1949 MA),Icarus,1566,http://ssd.jpl.nasa.gov/sbdb.cgi?sstr=2001566,16.59,1.278070988,2.85785361,1278.070988,2857.85361,0.794156248,1.775787355,4193.146421,9376.160437,TRUE,9/1/1989,1989-Sep-01 01:33,6.20617E+11,38.83124896,139792.4962,86861.62079,0.117908262,45.86631384,17638824.82,10960257.51,Venus
2001566,2001566,1566 Icarus (1949 MA),Icarus,1566,http://ssd.jpl.nasa.gov/sbdb.cgi?sstr=2001566,16.59,1.278070988,2.85785361,1278.070988,2857.85361,0.794156248,1.775787355,4193.146421,9376.160437,TRUE,8/15/1990,1990-Aug-15 06:31,6.50702E+11,37.97013306,136692.479,84935.39065,0.477558404,185.7702192,71441720.04,44391826.36,Earth
2001566,2001566,1566 Icarus (1949 MA),Icarus,1566,http://ssd.jpl.nasa.gov/sbdb.cgi?sstr=2001566,16.59,1.278070988,2.85785361,1278.070988,2857.85361,0.794156248,1.775787355,4193.146421,9376.160437,TRUE,6/11/1996,1996-Jun-11 07:34,8.34478E+11,26.4609755,95259.5118,59190.55609,0.101194422,39.36463008,15138469.96,9406609.041,Earth
2001566,2001566,1566 Icarus (1949 MA),Icarus,1566,http://ssd.jpl.nasa.gov/sbdb.cgi?sstr=2001566,16.59,1.278070988,2.85785361,1278.070988,2857.85361,0.794156248,1.775787355,4193.146421,9376.160437,TRUE,9/1/2000,2000-Sep-01 13:10,9.67814E+11,25.61795448,92224.63614,57304.80238,0.380144486,147.876205,56868805.38,35336637.08,Earth
2001566,2001566,1566 Icarus (1949 MA),Icarus,1566,http://ssd.jpl.nasa.gov/sbdb.cgi?sstr=2001566,16.59,1.278070988,2.85785361,1278.070988,2857.85361,0.794156248,1.775787355,4193.146421,9376.160437,TRUE,6/8/2005,2005-Jun-08 13:59,1.11824E+12,21.32462157,76768.63765,47701.04599,0.346814681,134.9109107,51882737.49,32238438.16,Earth
2001566,2001566,1566 Icarus (1949 MA),Icarus,1566,http://ssd.jpl.nasa.gov/sbdb.cgi?sstr=2001566,16.59,1.278070988,2.85785361,1278.070988,2857.85361,0.794156248,1.775787355,4193.146421,9376.160437,TRUE,6/27/2006,2006-Jun-27 01:05,1.15137E+12,38.05184532,136986.6431,85118.17279,0.296982543,115.5262093,44427955.9,27606251.68,Earth
2001566,2001566,1566 Icarus (1949 MA),Icarus,1566,http://ssd.jpl.nasa.gov/sbdb.cgi?sstr=2001566,16.59,1.278070988,2.85785361,1278.070988,2857.85361,0.794156248,1.775787355,4193.146421,9376.160437,TRUE,8/21/2009,2009-Aug-21 21:05,1.25089E+12,33.47896832,120524.286,74889.10424,0.404192984,157.2310709,60466409.51,37572084.63,Earth
2001566,2001566,1566 Icarus (1949 MA),Icarus,1566,http://ssd.jpl.nasa.gov/sbdb.cgi?sstr=2001566,16.59,1.278070988,2.85785361,1278.070988,2857.85361,0.794156248,1.775787355,4193.146421,9376.160437,TRUE,6/16/2015,2015-Jun-16 15:39,1.43447E+12,30.22258402,108801.3025,67604.89818,0.053836206,20.94228417,8053781.761,5004387.93,Earth
2001566,2001566,1566 Icarus (1949 MA),Icarus,1566,http://ssd.jpl.nasa.gov/sbdb.cgi?sstr=2001566,16.59,1.278070988,2.85785361,1278.070988,2857.85361,0.794156248,1.775787355,4193.146421,9376.160437,TRUE,9/6/2019,2019-Sep-06 10:20,1.56777E+12,21.70300192,78130.80692,48547.445,0.438824178,170.7026053,65647162.35,40791255.17,Earth
2001566,2001566,1566 Icarus (1949 MA),Icarus,1566,http://ssd.jpl.nasa.gov/sbdb.cgi?sstr=2001566,16.59,1.278070988,2.85785361,1278.070988,2857.85361,0.794156248,1.775787355,4193.146421,9376.160437,TRUE,6/9/2024,2024-Jun-09 01:25,1.7179E+12,23.873617,85945.02122,53402.89388,0.205664819,80.00361444,30767018.8,19117738.98,Earth
2001566,2001566,1566 Icarus (1949 MA),Icarus,1566,http://ssd.jpl.nasa.gov/sbdb.cgi?sstr=2001566,16.59,1.278070988,2.85785361,1278.070988,2857.85361,0.794156248,1.775787355,4193.146421,9376.160437,TRUE,5/24/2025,2025-May-24 15:02,1.7481E+12,42.27236086,152180.4991,94559.044,0.095847063,37.28450762,14338516.52,8909541.022,Merc
2001566,2001566,1566 Icarus (1949 MA),Icarus,1566,http://ssd.jpl.nasa.gov/sbdb.cgi?sstr=2001566,16.59,1.278070988,2.85785361,1278.070988,2857.85361,0.794156248,1.775787355,4193.146421,9376.160437,TRUE,7/3/2025,2025-Jul-03 19:20,1.75157E+12,42.83429992,154203.4797,95816.04548,0.437626447,170.2366878,65467984.3,40679919.09,Earth
2001566,2001566,1566 Icarus (1949 MA),Icarus,1566,http://ssd.jpl.nasa.gov/sbdb.cgi?sstr=2001566,16.59,1.278070988,2.85785361,1278.070988,2857.85361,0.794156248,1.775787355,4193.146421,9376.160437,TRUE,8/28/2028,2028-Aug-28 15:55,1.85109E+12,28.714476,103372.1136,64231.41136,0.368513314,143.3516791,55128806.81,34255452.11,Earth
2001566,2001566,1566 Icarus (1949 MA),Icarus,1566,http://ssd.jpl.nasa.gov/sbdb.cgi?sstr=2001566,16.59,1.278070988,2.85785361,1278.070988,2857.85361,0.794156248,1.775787355,4193.146421,9376.160437,TRUE,4/30/2033,2033-Apr-30 16:13,1.99849E+12,30.03620796,108130.3486,67187.99358,0.13828392,53.79244476,20686979.84,12854293.21,Venus
2001566,2001566,1566 Icarus (1949 MA),Icarus,1566,http://ssd.jpl.nasa.gov/sbdb.cgi?sstr=2001566,16.59,1.278070988,2.85785361,1278.070988,2857.85361,0.794156248,1.775787355,4193.146421,9376.160437,TRUE,6/10/2033,2033-Jun-10 02:51,2.00198E+12,20.40084468,73443.04084,45634.64946,0.434642366,169.0758804,65021572.17,40402531.45,Earth
2001566,2001566,1566 Icarus (1949 MA),Icarus,1566,http://ssd.jpl.nasa.gov/sbdb.cgi?sstr=2001566,16.59,1.278070988,2.85785361,1278.070988,2857.85361,0.794156248,1.775787355,4193.146421,9376.160437,TRUE,6/22/2034,2034-Jun-22 22:51,2.03463E+12,35.01997003,126071.8921,78336.17096,0.202784449,78.88315066,30336121.64,18849991.9,Earth
2001566,2001566,1566 Icarus (1949 MA),Icarus,1566,http://ssd.jpl.nasa.gov/sbdb.cgi?sstr=2001566,16.59,1.278070988,2.85785361,1278.070988,2857.85361,0.794156248,1.775787355,4193.146421,9376.160437,TRUE,8/17/2037,2037-Aug-17 13:46,2.13413E+12,36.49650753,131387.4271,81639.0377,0.449914651,175.0167994,67306273.53,41822179.05,Earth
2001566,2001566,1566 Icarus (1949 MA),Icarus,1566,http://ssd.jpl.nasa.gov/sbdb.cgi?sstr=2001566,16.59,1.278070988,2.85785361,1278.070988,2857.85361,0.794156248,1.775787355,4193.146421,9376.160437,TRUE,6/13/2043,2043-Jun-13 16:57,2.31783E+12,27.70882082,99751.75495,61981.86129,0.05862879,22.80659915,8770742.045,5449886.392,Earth
2001566,2001566,1566 Icarus (1949 MA),Icarus,1566,http://ssd.jpl.nasa.gov/sbdb.cgi?sstr=2001566,16.59,1.278070988,2.85785361,1278.070988,2857.85361,0.794156248,1.775787355,4193.146421,9376.160437,TRUE,6/4/2044,2044-Jun-04 01:27,2.34862E+12,39.8895572,143602.4059,89228.95051,0.089012811,34.62598363,13316126.99,8274257.628,Merc
2001566,2001566,1566 Icarus (1949 MA),Icarus,1566,http://ssd.jpl.nasa.gov/sbdb.cgi?sstr=2001566,16.59,1.278070988,2.85785361,1278.070988,2857.85361,0.794156248,1.775787355,4193.146421,9376.160437,TRUE,8/21/2045,2045-Aug-21 08:04,2.38692E+12,32.52982276,117107.362,72765.96054,0.098992978,38.5082684,14809138.64,9201972.049,Venus
2001566,2001566,1566 Icarus (1949 MA),Icarus,1566,http://ssd.jpl.nasa.gov/sbdb.cgi?sstr=2001566,16.59,1.278070988,2.85785361,1278.070988,2857.85361,0.794156248,1.775787355,4193.146421,9376.160437,TRUE,9/4/2047,2047-Sep-04 06:05,2.45119E+12,24.28821302,87437.56686,54330.30369,0.393290908,152.9901633,58835482.16,36558673.36,Earth
2001566,2001566,1566 Icarus (1949 MA),Icarus,1566,http://ssd.jpl.nasa.gov/sbdb.cgi?sstr=2001566,16.59,1.278070988,2.85785361,1278.070988,2857.85361,0.794156248,1.775787355,4193.146421,9376.160437,TRUE,6/8/2052,2052-Jun-08 09:26,2.60145E+12,21.90081969,78842.95089,48989.94357,0.306723365,119.3153889,45885162.07,28511717.6,Earth
2001566,2001566,1566 Icarus (1949 MA),Icarus,1566,http://ssd.jpl.nasa.gov/sbdb.cgi?sstr=2001566,16.59,1.278070988,2.85785361,1278.070988,2857.85361,0.794156248,1.775787355,4193.146421,9376.160437,TRUE,6/29/2053,2053-Jun-29 00:06,2.63477E+12,39.37649047,141755.3657,88081.27153,0.336604961,130.93933,50355385.26,31289385.49,Earth
2001566,2001566,1566 Icarus (1949 MA),Icarus,1566,http://ssd.jpl.nasa.gov/sbdb.cgi?sstr=2001566,16.59,1.278070988,2.85785361,1278.070988,2857.85361,0.794156248,1.775787355,4193.146421,9376.160437,TRUE,8/23/2056,2056-Aug-23 19:39,2.73429E+12,32.20740777,115946.668,72044.75045,0.388488705,151.1221061,58117082.74,36112280.67,Earth
2001566,2001566,1566 Icarus (1949 MA),Icarus,1566,http://ssd.jpl.nasa.gov/sbdb.cgi?sstr=2001566,16.59,1.278070988,2.85785361,1278.070988,2857.85361,0.794156248,1.775787355,4193.146421,9376.160437,TRUE,12/11/2057,2057-Dec-11 11:27,2.7753E+12,34.1516824,122946.0566,76393.89836,0.084737858,32.96302672,12676603.05,7876875.88,Venus
2001566,2001566,1566 Icarus (1949 MA),Icarus,1566,http://ssd.jpl.nasa.gov/sbdb.cgi?sstr=2001566,16.59,1.278070988,2.85785361,1278.070988,2857.85361,0.794156248,1.775787355,4193.146421,9376.160437,TRUE,6/18/2062,2062-Jun-18 01:10,2.91782E+12,31.27490997,112589.6759,69958.84612,0.083401754,32.44328242,12476724.8,7752677.293,Earth
2001566,2001566,1566 Icarus (1949 MA),Icarus,1566,http://ssd.jpl.nasa.gov/sbdb.cgi?sstr=2001566,16.59,1.278070988,2.85785361,1278.070988,2857.85361,0.794156248,1.775787355,4193.146421,9376.160437,TRUE,9/6/2066,2066-Sep-06 21:29,3.05103E+12,20.9947849,75581.22565,46963.23435,0.455768858,177.2940858,68182050.37,42366361.55,Earth
2001566,2001566,1566 Icarus (1949 MA),Icarus,1566,http://ssd.jpl.nasa.gov/sbdb.cgi?sstr=2001566,16.59,1.278070988,2.85785361,1278.070988,2857.85361,0.794156248,1.775787355,4193.146421,9376.160437,TRUE,4/2/2070,2070-Apr-02 23:30,3.16371E+12,36.23488803,130445.5969,81053.82104,0.086516252,33.65482218,12942647.08,8042187.974,Venus
2001566,2001566,1566 Icarus (1949 MA),Icarus,1566,http://ssd.jpl.nasa.gov/sbdb.cgi?sstr=2001566,16.59,1.278070988,2.85785361,1278.070988,2857.85361,0.794156248,1.775787355,4193.146421,9376.160437,TRUE,6/10/2071,2071-Jun-10 12:28,3.20116E+12,24.45086009,88023.09632,54694.12894,0.179445893,69.80445249,26844723.42,16680537.65,Earth
2001566,2001566,1566 Icarus (1949 MA),Icarus,1566,http://ssd.jpl.nasa.gov/sbdb.cgi?sstr=2001566,16.59,1.278070988,2.85785361,1278.070988,2857.85361,0.794156248,1.775787355,4193.146421,9376.160437,TRUE,7/5/2072,2072-Jul-05 01:08,3.23491E+12,43.64686347,157128.7085,97633.6689,0.460800425,179.2513655,68934762.13,42834074.95,Earth
2001566,2001566,1566 Icarus (1949 MA),Icarus,1566,http://ssd.jpl.nasa.gov/sbdb.cgi?sstr=2001566,16.59,1.278070988,2.85785361,1278.070988,2857.85361,0.794156248,1.775787355,4193.146421,9376.160437,TRUE,11/13/2074,2074-Nov-13 22:38,3.30937E+12,24.05016137,86580.58092,53797.80596,0.060529344,23.54591462,9055060.86,5626553.912,Mars
2001566,2001566,1566 Icarus (1949 MA),Icarus,1566,http://ssd.jpl.nasa.gov/sbdb.cgi?sstr=2001566,16.59,1.278070988,2.85785361,1278.070988,2857.85361,0.794156248,1.775787355,4193.146421,9376.160437,TRUE,8/30/2075,2075-Aug-30 18:05,3.33441E+12,28.0049674,100817.8826,62644.31158,0.3674215,142.9269635,54965473.81,34153961.68,Earth
2001566,2001566,1566 Icarus (1949 MA),Icarus,1566,http://ssd.jpl.nasa.gov/sbdb.cgi?sstr=2001566,16.59,1.278070988,2.85785361,1278.070988,2857.85361,0.794156248,1.775787355,4193.146421,9376.160437,TRUE,6/9/2080,2080-Jun-09 19:05,3.48519E+12,20.51643253,73859.15711,45893.20793,0.418738341,162.8892145,62642363.86,38924159.96,Earth
2001566,2001566,1566 Icarus (1949 MA),Icarus,1566,http://ssd.jpl.nasa.gov/sbdb.cgi?sstr=2001566,16.59,1.278070988,2.85785361,1278.070988,2857.85361,0.794156248,1.775787355,4193.146421,9376.160437,TRUE,6/23/2081,2081-Jun-23 19:30,3.51793E+12,35.58999826,128123.9937,79611.2671,0.220443699,85.75259899,32977907.86,20491521.74,Earth
2001566,2001566,1566 Icarus (1949 MA),Icarus,1566,http://ssd.jpl.nasa.gov/sbdb.cgi?sstr=2001566,16.59,1.278070988,2.85785361,1278.070988,2857.85361,0.794156248,1.775787355,4193.146421,9376.160437,TRUE,7/24/2082,2082-Jul-24 17:35,3.55214E+12,38.61757681,139023.2765,86383.65756,0.111700912,43.45165473,16710218.5,10383248.3,Venus
2001566,2001566,1566 Icarus (1949 MA),Icarus,1566,http://ssd.jpl.nasa.gov/sbdb.cgi?sstr=2001566,16.59,1.278070988,2.85785361,1278.070988,2857.85361,0.794156248,1.775787355,4193.146421,9376.160437,TRUE,8/18/2084,2084-Aug-18 12:56,3.61744E+12,35.91784247,129304.2329,80344.62182,0.438816121,170.6994711,65645957.04,40790506.22,Earth
2001566,2001566,1566 Icarus (1949 MA),Icarus,1566,http://ssd.jpl.nasa.gov/sbdb.cgi?sstr=2001566,16.59,1.278070988,2.85785361,1278.070988,2857.85361,0.794156248,1.775787355,4193.146421,9376.160437,TRUE,6/14/2090,2090-Jun-14 07:08,3.80111E+12,28.16974356,101411.0768,63012.89937,0.043537392,16.93604533,6513101.049,4047053.327,Earth
2001566,2001566,1566 Icarus (1949 MA),Icarus,1566,http://ssd.jpl.nasa.gov/sbdb.cgi?sstr=2001566,16.59,1.278070988,2.85785361,1278.070988,2857.85361,0.794156248,1.775787355,4193.146421,9376.160437,TRUE,9/4/2094,2094-Sep-04 21:06,3.93447E+12,23.83374214,85801.4717,53313.69779,0.398900017,155.1721065,59674592.86,37080072.58,Earth
2001566,2001566,1566 Icarus (1949 MA),Icarus,1566,http://ssd.jpl.nasa.gov/sbdb.cgi?sstr=2001566,16.59,1.278070988,2.85785361,1278.070988,2857.85361,0.794156248,1.775787355,4193.146421,9376.160437,TRUE,11/14/2094,2094-Nov-14 11:57,3.94057E+12,40.96904193,147488.551,91643.6499,0.148005831,57.57426814,22141357.02,13758001.29,Venus
2001566,2001566,1566 Icarus (1949 MA),Icarus,1566,http://ssd.jpl.nasa.gov/sbdb.cgi?sstr=2001566,16.59,1.278070988,2.85785361,1278.070988,2857.85361,0.794156248,1.775787355,4193.146421,9376.160437,TRUE,6/9/2099,2099-Jun-09 10:15,4.08468E+12,22.14971468,79738.97285,49546.69677,0.290982545,113.19221,43530368.92,27048516.99,Earth
2001566,2001566,1566 Icarus (1949 MA),Icarus,1566,http://ssd.jpl.nasa.gov/sbdb.cgi?sstr=2001566,16.59,1.278070988,2.85785361,1278.070988,2857.85361,0.794156248,1.775787355,4193.146421,9376.160437,TRUE,6/30/2100,2100-Jun-30 20:11,4.11807E+12,39.93410959,143762.7945,89328.60974,0.352743479,137.2172133,52769673.08,32789554.38,Earth
2001566,2001566,1566 Icarus (1949 MA),Icarus,1566,http://ssd.jpl.nasa.gov/sbdb.cgi?sstr=2001566,16.59,1.278070988,2.85785361,1278.070988,2857.85361,0.794156248,1.775787355,4193.146421,9376.160437,TRUE,8/26/2103,2103-Aug-26 16:18,4.21759E+12,31.69544882,114103.6157,70899.54946,0.382338651,148.7297354,57197047.85,35540597.5,Earth
2001566,2001566,1566 Icarus (1949 MA),Icarus,1566,http://ssd.jpl.nasa.gov/sbdb.cgi?sstr=2001566,16.59,1.278070988,2.85785361,1278.070988,2857.85361,0.794156248,1.775787355,4193.146421,9376.160437,TRUE,6/19/2109,2109-Jun-19 18:46,4.40111E+12,31.78927485,114441.3895,71109.42892,0.09887818,38.4636121,14791965.15,9191300.936,Earth
2001566,2001566,1566 Icarus (1949 MA),Icarus,1566,http://ssd.jpl.nasa.gov/sbdb.cgi?sstr=2001566,16.59,1.278070988,2.85785361,1278.070988,2857.85361,0.794156248,1.775787355,4193.146421,9376.160437,TRUE,9/8/2113,2113-Sep-08 01:46,4.53428E+12,20.59353361,74136.72098,46065.67533,0.466864563,181.610315,69841944.19,43397771.74,Earth
2001566,2001566,1566 Icarus (1949 MA),Icarus,1566,http://ssd.jpl.nasa.gov/sbdb.cgi?sstr=2001566,16.59,1.278070988,2.85785361,1278.070988,2857.85361,0.794156248,1.775787355,4193.146421,9376.160437,TRUE,3/5/2117,2117-Mar-05 12:12,4.64439E+12,35.47876079,127723.5388,79362.44001,0.095967311,37.33128378,14356505.24,8920718.697,Merc
2001566,2001566,1566 Icarus (1949 MA),Icarus,1566,http://ssd.jpl.nasa.gov/sbdb.cgi?sstr=2001566,16.59,1.278070988,2.85785361,1278.070988,2857.85361,0.794156248,1.775787355,4193.146421,9376.160437,TRUE,6/11/2118,2118-Jun-11 21:35,4.68443E+12,24.849561,89458.41961,55585.98301,0.162098827,63.05644378,24249639.28,15068027.13,Earth
2001566,2001566,1566 Icarus (1949 MA),Icarus,1566,http://ssd.jpl.nasa.gov/sbdb.cgi?sstr=2001566,16.59,1.278070988,2.85785361,1278.070988,2857.85361,0.794156248,1.775787355,4193.146421,9376.160437,TRUE,7/7/2119,2119-Jul-07 21:37,4.71821E+12,44.2344192,159243.9091,98947.97231,0.476397642,185.3186828,71268072.53,44283926.8,Earth
2001566,2001566,1566 Icarus (1949 MA),Icarus,1566,http://ssd.jpl.nasa.gov/sbdb.cgi?sstr=2001566,16.59,1.278070988,2.85785361,1278.070988,2857.85361,0.794156248,1.775787355,4193.146421,9376.160437,TRUE,11/20/2121,2121-Nov-20 14:04,4.79309E+12,22.81172997,82122.22789,51027.55877,0.071715027,27.89714535,10728415.23,6666328.1,Mars
2001566,2001566,1566 Icarus (1949 MA),Icarus,1566,http://ssd.jpl.nasa.gov/sbdb.cgi?sstr=2001566,16.59,1.278070988,2.85785361,1278.070988,2857.85361,0.794156248,1.775787355,4193.146421,9376.160437,TRUE,9/1/2122,2122-Sep-01 11:57,4.81771E+12,27.51808188,99065.09478,61555.19737,0.367227847,142.8516326,54936503.76,34135960.53,Earth
2001566,2001566,1566 Icarus (1949 MA),Icarus,1566,http://ssd.jpl.nasa.gov/sbdb.cgi?sstr=2001566,16.59,1.278070988,2.85785361,1278.070988,2857.85361,0.794156248,1.775787355,4193.146421,9376.160437,TRUE,6/11/2127,2127-Jun-11 13:36,4.96839E+12,20.62705607,74257.40184,46140.66172,0.40726957,158.4278627,60926660.17,37858071.13,Earth
2001566,2001566,1566 Icarus (1949 MA),Icarus,1566,http://ssd.jpl.nasa.gov/sbdb.cgi?sstr=2001566,16.59,1.278070988,2.85785361,1278.070988,2857.85361,0.794156248,1.775787355,4193.146421,9376.160437,TRUE,6/25/2128,2128-Jun-25 09:16,5.00121E+12,35.98260822,129537.3896,80489.49634,0.231644759,90.10981133,34653562.57,21532725.3,Earth
2001566,2001566,1566 Icarus (1949 MA),Icarus,1566,http://ssd.jpl.nasa.gov/sbdb.cgi?sstr=2001566,16.59,1.278070988,2.85785361,1278.070988,2857.85361,0.794156248,1.775787355,4193.146421,9376.160437,TRUE,8/21/2131,2131-Aug-21 01:47,5.10072E+12,35.62590648,128253.2633,79691.5902,0.432708641,168.3236615,64732291.07,40222780.52,Earth
2001566,2001566,1566 Icarus (1949 MA),Icarus,1566,http://ssd.jpl.nasa.gov/sbdb.cgi?sstr=2001566,16.59,1.278070988,2.85785361,1278.070988,2857.85361,0.794156248,1.775787355,4193.146421,9376.160437,TRUE,3/13/2136,2136-Mar-13 06:54,5.24468E+12,35.33078072,127190.8106,79031.42339,0.088288177,34.3441007,13207723.17,8206898.616,Merc
2001566,2001566,1566 Icarus (1949 MA),Icarus,1566,http://ssd.jpl.nasa.gov/sbdb.cgi?sstr=2001566,16.59,1.278070988,2.85785361,1278.070988,2857.85361,0.794156248,1.775787355,4193.146421,9376.160437,TRUE,6/15/2137,2137-Jun-15 10:22,5.28435E+12,28.26633414,101758.8029,63228.96283,0.039560603,15.38907457,5918181.945,3677387.738,Earth
2001566,2001566,1566 Icarus (1949 MA),Icarus,1566,http://ssd.jpl.nasa.gov/sbdb.cgi?sstr=2001566,16.59,1.278070988,2.85785361,1278.070988,2857.85361,0.794156248,1.775787355,4193.146421,9376.160437,TRUE,7/13/2138,2138-Jul-13 08:25,5.3183E+12,29.79535065,107263.2624,66649.21988,0.140819459,54.77876943,21066291.08,13089986.28,Venus
2001566,2001566,1566 Icarus (1949 MA),Icarus,1566,http://ssd.jpl.nasa.gov/sbdb.cgi?sstr=2001566,16.59,1.278070988,2.85785361,1278.070988,2857.85361,0.794156248,1.775787355,4193.146421,9376.160437,TRUE,9/5/2141,2141-Sep-05 21:21,5.4177E+12,23.89394477,86018.20119,53448.36507,0.396927858,154.4049368,59379562.12,36896748.97,Earth
2001566,2001566,1566 Icarus (1949 MA),Icarus,1566,http://ssd.jpl.nasa.gov/sbdb.cgi?sstr=2001566,16.59,1.278070988,2.85785361,1278.070988,2857.85361,0.794156248,1.775787355,4193.146421,9376.160437,TRUE,6/10/2146,2146-Jun-10 10:19,5.56791E+12,21.98078373,79130.82141,49168.81512,0.301815667,117.4062946,45150980.96,28055518.62,Earth
2001566,2001566,1566 Icarus (1949 MA),Icarus,1566,http://ssd.jpl.nasa.gov/sbdb.cgi?sstr=2001566,16.59,1.278070988,2.85785361,1278.070988,2857.85361,0.794156248,1.775787355,4193.146421,9376.160437,TRUE,7/1/2147,2147-Jul-01 06:35,5.60125E+12,39.53284719,142318.2499,88431.02587,0.339729109,132.1546234,50822751.07,31579793.14,Earth
2001566,2001566,1566 Icarus (1949 MA),Icarus,1566,http://ssd.jpl.nasa.gov/sbdb.cgi?sstr=2001566,16.59,1.278070988,2.85785361,1278.070988,2857.85361,0.794156248,1.775787355,4193.146421,9376.160437,TRUE,8/25/2150,2150-Aug-25 22:45,5.70075E+12,32.23401267,116042.4456,72104.26295,0.386514741,150.3542343,57821781.99,35928789.29,Earth
2001566,2001566,1566 Icarus (1949 MA),Icarus,1566,http://ssd.jpl.nasa.gov/sbdb.cgi?sstr=2001566,16.59,1.278070988,2.85785361,1278.070988,2857.85361,0.794156248,1.775787355,4193.146421,9376.160437,TRUE,11/1/2150,2150-Nov-01 16:14,5.70661E+12,30.26880622,108967.7024,67708.29264,0.131670706,51.21990452,19697657.11,12239556.57,Venus
2001566,2001566,1566 Icarus (1949 MA),Icarus,1566,http://ssd.jpl.nasa.gov/sbdb.cgi?sstr=2001566,16.59,1.278070988,2.85785361,1278.070988,2857.85361,0.794156248,1.775787355,4193.146421,9376.160437,TRUE,6/18/2156,2156-Jun-18 16:04,5.88424E+12,30.94429963,111399.4787,69219.30385,0.070348116,27.3654172,10523928.34,6539265.842,Earth
2001566,2001566,1566 Icarus (1949 MA),Icarus,1566,http://ssd.jpl.nasa.gov/sbdb.cgi?sstr=2001566,16.59,1.278070988,2.85785361,1278.070988,2857.85361,0.794156248,1.775787355,4193.146421,9376.160437,TRUE,9/7/2160,2160-Sep-07 23:10,6.0175E+12,21.37298027,76942.72898,47809.21957,0.444323446,172.8418206,66469841.17,41302444.08,Earth
2001566,2001566,1566 Icarus (1949 MA),Icarus,1566,http://ssd.jpl.nasa.gov/sbdb.cgi?sstr=2001566,16.59,1.278070988,2.85785361,1278.070988,2857.85361,0.794156248,1.775787355,4193.146421,9376.160437,TRUE,2/21/2163,2163-Feb-21 04:22,6.09493E+12,31.02044625,111673.6065,69389.63621,0.117988702,45.89760504,17650858.49,10967734.88,Venus
2001566,2001566,1566 Icarus (1949 MA),Icarus,1566,http://ssd.jpl.nasa.gov/sbdb.cgi?sstr=2001566,16.59,1.278070988,2.85785361,1278.070988,2857.85361,0.794156248,1.775787355,4193.146421,9376.160437,TRUE,4/10/2163,2163-Apr-10 06:31,6.09909E+12,24.15219708,86947.90948,54026.04964,0.067774217,26.36417026,10138878.44,6300006.93,Mars
2001566,2001566,1566 Icarus (1949 MA),Icarus,1566,http://ssd.jpl.nasa.gov/sbdb.cgi?sstr=2001566,16.59,1.278070988,2.85785361,1278.070988,2857.85361,0.794156248,1.775787355,4193.146421,9376.160437,TRUE,6/11/2165,2165-Jun-11 02:24,6.16759E+12,23.86503803,85914.13689,53383.70356,0.205057395,79.76732681,30676149.58,19061275.47,Earth
2001566,2001566,1566 Icarus (1949 MA),Icarus,1566,http://ssd.jpl.nasa.gov/sbdb.cgi?sstr=2001566,16.59,1.278070988,2.85785361,1278.070988,2857.85361,0.794156248,1.775787355,4193.146421,9376.160437,TRUE,7/5/2166,2166-Jul-05 18:55,6.20126E+12,42.7538923,153914.0123,95636.18168,0.433908053,168.7902327,64911720.55,40334272.82,Earth
2001566,2001566,1566 Icarus (1949 MA),Icarus,1566,http://ssd.jpl.nasa.gov/sbdb.cgi?sstr=2001566,16.59,1.278070988,2.85785361,1278.070988,2857.85361,0.794156248,1.775787355,4193.146421,9376.160437,TRUE,8/30/2169,2169-Aug-30 10:27,6.30076E+12,29.05362557,104593.0521,64990.05505,0.365760216,142.2807241,54716949.29,33999535.71,Earth
2001566,2001566,1566 Icarus (1949 MA),Icarus,1566,http://ssd.jpl.nasa.gov/sbdb.cgi?sstr=2001566,16.59,1.278070988,2.85785361,1278.070988,2857.85361,0.794156248,1.775787355,4193.146421,9376.160437,TRUE,11/17/2170,2170-Nov-17 06:52,6.33911E+12,35.60590553,128181.2599,79646.85009,0.086272784,33.56011309,12906224.77,8019556.2,Merc
2001566,2001566,1566 Icarus (1949 MA),Icarus,1566,http://ssd.jpl.nasa.gov/sbdb.cgi?sstr=2001566,16.59,1.278070988,2.85785361,1278.070988,2857.85361,0.794156248,1.775787355,4193.146421,9376.160437,TRUE,6/12/2174,2174-Jun-12 17:08,6.45172E+12,20.21564371,72776.31735,45220.37341,0.45853007,178.3681971,68595121.74,42623032.19,Earth
2001566,2001566,1566 Icarus (1949 MA),Icarus,1566,http://ssd.jpl.nasa.gov/sbdb.cgi?sstr=2001566,16.59,1.278070988,2.85785361,1278.070988,2857.85361,0.794156248,1.775787355,4193.146421,9376.160437,TRUE,6/12/2175,2175-Jun-12 17:27,6.48326E+12,31.81182903,114522.5845,71159.88035,0.104882813,40.79941406,15690245.35,9749466.371,Venus
2001566,2001566,1566 Icarus (1949 MA),Icarus,1566,http://ssd.jpl.nasa.gov/sbdb.cgi?sstr=2001566,16.59,1.278070988,2.85785361,1278.070988,2857.85361,0.794156248,1.775787355,4193.146421,9376.160437,TRUE,6/23/2175,2175-Jun-23 19:48,6.48422E+12,34.13023758,122868.8553,76345.92845,0.172183484,66.97937508,25758282.38,16005454.49,Earth
2001566,2001566,1566 Icarus (1949 MA),Icarus,1566,http://ssd.jpl.nasa.gov/sbdb.cgi?sstr=2001566,16.59,1.278070988,2.85785361,1278.070988,2857.85361,0.794156248,1.775787355,4193.146421,9376.160437,TRUE,8/17/2178,2178-Aug-17 23:47,6.58368E+12,37.71000537,135756.0193,84353.51101,0.468623405,182.2945044,70105063.16,43561266.29,Earth
2001566,2001566,1566 Icarus (1949 MA),Icarus,1566,http://ssd.jpl.nasa.gov/sbdb.cgi?sstr=2001566,16.59,1.278070988,2.85785361,1278.070988,2857.85361,0.794156248,1.775787355,4193.146421,9376.160437,TRUE,6/13/2184,2184-Jun-13 03:43,6.76738E+12,26.25476422,94517.15121,58729.28209,0.106974305,41.61300453,16003128.13,9943882.715,Earth
2001566,2001566,1566 Icarus (1949 MA),Icarus,1566,http://ssd.jpl.nasa.gov/sbdb.cgi?sstr=2001566,16.59,1.278070988,2.85785361,1278.070988,2857.85361,0.794156248,1.775787355,4193.146421,9376.160437,TRUE,10/2/2187,2187-Oct-02 02:41,6.87157E+12,32.35814246,116489.3129,72381.92887,0.096697254,37.61523188,14465703.26,8988571.202,Venus
2001566,2001566,1566 Icarus (1949 MA),Icarus,1566,http://ssd.jpl.nasa.gov/sbdb.cgi?sstr=2001566,16.59,1.278070988,2.85785361,1278.070988,2857.85361,0.794156248,1.775787355,4193.146421,9376.160437,TRUE,9/3/2188,2188-Sep-03 07:01,6.90071E+12,26.12975637,94067.12292,58449.65202,0.372234246,144.7991218,55685450.37,34601334.38,Earth
2001566,2001566,1566 Icarus (1949 MA),Icarus,1566,http://ssd.jpl.nasa.gov/sbdb.cgi?sstr=2001566,16.59,1.278070988,2.85785361,1278.070988,2857.85361,0.794156248,1.775787355,4193.146421,9376.160437,TRUE,6/10/2193,2193-Jun-10 21:52,7.05118E+12,20.89341321,75216.28756,46736.47601,0.378368085,147.1851851,56603059.62,35171510.32,Earth
2001566,2001566,1566 Icarus (1949 MA),Icarus,1566,http://ssd.jpl.nasa.gov/sbdb.cgi?sstr=2001566,16.59,1.278070988,2.85785361,1278.070988,2857.85361,0.794156248,1.775787355,4193.146421,9376.160437,TRUE,6/27/2194,2194-Jun-27 14:06,7.08416E+12,36.91766646,132903.5993,82581.12811,0.259767413,101.0495238,38860651.73,24146889.28,Earth
2001566,2001566,1566 Icarus (1949 MA),Icarus,1566,http://ssd.jpl.nasa.gov/sbdb.cgi?sstr=2001566,16.59,1.278070988,2.85785361,1278.070988,2857.85361,0.794156248,1.775787355,4193.146421,9376.160437,TRUE,8/22/2197,2197-Aug-22 00:33,7.18364E+12,34.93420427,125763.1354,78144.32152,0.4204582,163.5582398,62899651.13,39084030.86,Earth
2001566,2001566,1566 Icarus (1949 MA),Icarus,1566,http://ssd.jpl.nasa.gov/sbdb.cgi?sstr=2001566,16.59,1.278070988,2.85785361,1278.070988,2857.85361,0.794156248,1.775787355,4193.146421,9376.160437,TRUE,1/21/2200,2200-Jan-21 02:09,7.25985E+12,32.31357827,116328.8818,72282.24323,0.09683023,37.66695943,14485596.14,9000932.066,Venus
2001580,2001580,1580 Betulia (1950 KA),Betulia,1580,http://ssd.jpl.nasa.gov/sbdb.cgi?sstr=2001580,14.69,3.065878759,6.855513317,3065.878759,6855.513317,1.905048151,4.259817165,10058.65767,22491.84231,FALSE,5/7/1911,1911-May-07 13:13,-1.85099E+12,28.68695704,103273.0453,64169.8542,0.485626277,188.9086218,72648656.69,45141782.01,Earth
2001580,2001580,1580 Betulia (1950 KA),Betulia,1580,http://ssd.jpl.nasa.gov/sbdb.cgi?sstr=2001580,14.69,3.065878759,6.855513317,3065.878759,6855.513317,1.905048151,4.259817165,10058.65767,22491.84231,FALSE,5/10/1924,1924-May-10 05:06,-1.44044E+12,28.23615432,101650.1555,63161.45359,0.383322958,149.1126305,57344297.99,35632094.49,Earth
2001580,2001580,1580 Betulia (1950 KA),Betulia,1580,http://ssd.jpl.nasa.gov/sbdb.cgi?sstr=2001580,14.69,3.065878759,6.855513317,3065.878759,6855.513317,1.905048151,4.259817165,10058.65767,22491.84231,FALSE,6/9/1929,1929-Jun-09 14:54,-1.28005E+12,11.35765343,40887.55234,25405.93495,1.849558309,719.4781822,276689983.5,171927183.3,Juptr
2001580,2001580,1580 Betulia (1950 KA),Betulia,1580,http://ssd.jpl.nasa.gov/sbdb.cgi?sstr=2001580,14.69,3.065878759,6.855513317,3065.878759,6855.513317,1.905048151,4.259817165,10058.65767,22491.84231,FALSE,5/14/1937,1937-May-14 10:01,-1.02985E+12,27.93742694,100574.737,62493.23033,0.27506667,107.0009346,41149387.93,25569044,Earth
2001580,2001580,1580 Betulia (1950 KA),Betulia,1580,http://ssd.jpl.nasa.gov/sbdb.cgi?sstr=2001580,14.69,3.065878759,6.855513317,3065.878759,6855.513317,1.905048151,4.259817165,10058.65767,22491.84231,FALSE,5/18/1950,1950-May-18 06:48,-6.19291E+11,27.84993485,100259.7655,62297.51927,0.188184248,73.20367255,28151962.7,17492818.47,Earth
2001580,2001580,1580 Betulia (1950 KA),Betulia,1580,http://ssd.jpl.nasa.gov/sbdb.cgi?sstr=2001580,14.69,3.065878759,6.855513317,3065.878759,6855.513317,1.905048151,4.259817165,10058.65767,22491.84231,FALSE,5/19/1963,1963-May-19 23:06,-2.08918E+11,27.95712763,100645.6595,62537.2988,0.157874924,61.41334528,23617752.3,14675390.77,Earth
2001580,2001580,1580 Betulia (1950 KA),Betulia,1580,http://ssd.jpl.nasa.gov/sbdb.cgi?sstr=2001580,14.69,3.065878759,6.855513317,3065.878759,6855.513317,1.905048151,4.259817165,10058.65767,22491.84231,FALSE,3/17/1965,1965-Mar-17 09:33,-1.51252E+11,11.14862052,40135.03386,24938.34923,1.922623332,747.9004761,287620355.3,178719001.5,Juptr
2001580,2001580,1580 Betulia (1950 KA),Betulia,1580,http://ssd.jpl.nasa.gov/sbdb.cgi?sstr=2001580,14.69,3.065878759,6.855513317,3065.878759,6855.513317,1.905048151,4.259817165,10058.65767,22491.84231,FALSE,5/22/1976,1976-May-22 19:40,2.01642E+11,28.22812354,101621.2448,63143.48956,0.129802677,50.49324116,19418203.92,12065912.42,Earth
2001580,2001580,1580 Betulia (1950 KA),Betulia,1580,http://ssd.jpl.nasa.gov/sbdb.cgi?sstr=2001580,14.69,3.065878759,6.855513317,3065.878759,6855.513317,1.905048151,4.259817165,10058.65767,22491.84231,FALSE,5/27/1989,1989-May-27 05:12,6.12249E+11,28.87073246,103934.6369,64580.94144,0.184957795,71.94858233,27669292.2,17192900.93,Earth
2001580,2001580,1580 Betulia (1950 KA),Betulia,1580,http://ssd.jpl.nasa.gov/sbdb.cgi?sstr=2001580,14.69,3.065878759,6.855513317,3065.878759,6855.513317,1.905048151,4.259817165,10058.65767,22491.84231,FALSE,5/29/2002,2002-May-29 13:32,1.02268E+12,29.21049155,105157.7696,65340.94855,0.237797072,92.50306109,35573935.49,22104618.51,Earth
2001580,2001580,1580 Betulia (1950 KA),Betulia,1580,http://ssd.jpl.nasa.gov/sbdb.cgi?sstr=2001580,14.69,3.065878759,6.855513317,3065.878759,6855.513317,1.905048151,4.259817165,10058.65767,22491.84231,FALSE,6/3/2015,2015-Jun-03 08:52,1.43332E+12,30.32913776,109184.8959,67843.24826,0.352185557,137.0001816,52686209.14,32737692.29,Earth
2001580,2001580,1580 Betulia (1950 KA),Betulia,1580,http://ssd.jpl.nasa.gov/sbdb.cgi?sstr=2001580,14.69,3.065878759,6.855513317,3065.878759,6855.513317,1.905048151,4.259817165,10058.65767,22491.84231,FALSE,6/7/2028,2028-Jun-07 13:47,1.844E+12,31.86368034,114709.2492,71275.86656,0.477847009,185.8824865,71484894.73,44418653.87,Earth
2001580,2001580,1580 Betulia (1950 KA),Betulia,1580,http://ssd.jpl.nasa.gov/sbdb.cgi?sstr=2001580,14.69,3.065878759,6.855513317,3065.878759,6855.513317,1.905048151,4.259817165,10058.65767,22491.84231,FALSE,8/19/2059,2059-Aug-19 22:11,2.82856E+12,12.0654752,43435.71072,26989.26148,1.974534903,768.0940771,295386215.7,183544483.3,Juptr
2001580,2001580,1580 Betulia (1950 KA),Betulia,1580,http://ssd.jpl.nasa.gov/sbdb.cgi?sstr=2001580,14.69,3.065878759,6.855513317,3065.878759,6855.513317,1.905048151,4.259817165,10058.65767,22491.84231,FALSE,5/8/2090,2090-May-08 15:44,3.79794E+12,28.71777186,103383.9787,64238.78387,0.485777058,188.9672757,72671213.23,45155798,Earth
2001580,2001580,1580 Betulia (1950 KA),Betulia,1580,http://ssd.jpl.nasa.gov/sbdb.cgi?sstr=2001580,14.69,3.065878759,6.855513317,3065.878759,6855.513317,1.905048151,4.259817165,10058.65767,22491.84231,FALSE,5/29/2095,2095-May-29 16:59,3.95753E+12,11.58155716,41693.60578,25906.78521,1.865190867,725.5592471,279028580.8,173380320.4,Juptr
2001580,2001580,1580 Betulia (1950 KA),Betulia,1580,http://ssd.jpl.nasa.gov/sbdb.cgi?sstr=2001580,14.69,3.065878759,6.855513317,3065.878759,6855.513317,1.905048151,4.259817165,10058.65767,22491.84231,FALSE,5/13/2103,2103-May-13 09:00,4.20849E+12,28.23276192,101637.9429,63153.86514,0.380083038,147.8523018,56859612.91,35330925.14,Earth
2001580,2001580,1580 Betulia (1950 KA),Betulia,1580,http://ssd.jpl.nasa.gov/sbdb.cgi?sstr=2001580,14.69,3.065878759,6.855513317,3065.878759,6855.513317,1.905048151,4.259817165,10058.65767,22491.84231,FALSE,5/15/2116,2116-May-15 23:09,4.61903E+12,27.88834325,100398.0357,62383.43503,0.287777165,111.9453173,43050850.96,26750558.35,Earth
2001580,2001580,1580 Betulia (1950 KA),Betulia,1580,http://ssd.jpl.nasa.gov/sbdb.cgi?sstr=2001580,14.69,3.065878759,6.855513317,3065.878759,6855.513317,1.905048151,4.259817165,10058.65767,22491.84231,FALSE,5/17/2129,2129-May-17 21:30,5.02942E+12,27.86994914,100331.8169,62342.28922,0.24170521,94.02332685,36158584.64,22467902.65,Earth
2001580,2001580,1580 Betulia (1950 KA),Betulia,1580,http://ssd.jpl.nasa.gov/sbdb.cgi?sstr=2001580,14.69,3.065878759,6.855513317,3065.878759,6855.513317,1.905048151,4.259817165,10058.65767,22491.84231,FALSE,3/7/2131,2131-Mar-07 17:55,5.08635E+12,11.3253138,40771.12969,25333.59445,1.867059486,726.2861402,279308122.3,173554019.4,Juptr
2001580,2001580,1580 Betulia (1950 KA),Betulia,1580,http://ssd.jpl.nasa.gov/sbdb.cgi?sstr=2001580,14.69,3.065878759,6.855513317,3065.878759,6855.513317,1.905048151,4.259817165,10058.65767,22491.84231,FALSE,5/21/2142,2142-May-21 08:09,5.43995E+12,27.9023658,100448.5169,62414.80206,0.174617257,67.92611309,26122369.76,16231687.89,Earth
2001580,2001580,1580 Betulia (1950 KA),Betulia,1580,http://ssd.jpl.nasa.gov/sbdb.cgi?sstr=2001580,14.69,3.065878759,6.855513317,3065.878759,6855.513317,1.905048151,4.259817165,10058.65767,22491.84231,FALSE,5/25/2155,2155-May-25 00:50,5.85049E+12,28.18136961,101452.9306,63038.90567,0.15078113,58.65385938,22556535.81,14015981.42,Earth
2001580,2001580,1580 Betulia (1950 KA),Betulia,1580,http://ssd.jpl.nasa.gov/sbdb.cgi?sstr=2001580,14.69,3.065878759,6.855513317,3065.878759,6855.513317,1.905048151,4.259817165,10058.65767,22491.84231,FALSE,12/13/2166,2166-Dec-13 09:43,6.21513E+12,11.23070097,40430.52348,25121.95499,1.975150306,768.3334689,295478278.7,183601688.6,Juptr
2001580,2001580,1580 Betulia (1950 KA),Betulia,1580,http://ssd.jpl.nasa.gov/sbdb.cgi?sstr=2001580,14.69,3.065878759,6.855513317,3065.878759,6855.513317,1.905048151,4.259817165,10058.65767,22491.84231,FALSE,5/26/2168,2168-May-26 02:13,6.2609E+12,28.33572177,102008.5984,63384.17602,0.172604236,67.14304792,25821226.1,16044565.9,Earth
2001580,2001580,1580 Betulia (1950 KA),Betulia,1580,http://ssd.jpl.nasa.gov/sbdb.cgi?sstr=2001580,14.69,3.065878759,6.855513317,3065.878759,6855.513317,1.905048151,4.259817165,10058.65767,22491.84231,FALSE,5/29/2181,2181-May-29 16:14,6.67143E+12,28.89242139,104012.717,64629.45741,0.237566686,92.41344078,35539470.18,22083202.76,Earth
2001580,2001580,1580 Betulia (1950 KA),Betulia,1580,http://ssd.jpl.nasa.gov/sbdb.cgi?sstr=2001580,14.69,3.065878759,6.855513317,3065.878759,6855.513317,1.905048151,4.259817165,10058.65767,22491.84231,FALSE,6/2/2194,2194-Jun-02 22:14,7.08203E+12,29.87838607,107562.1899,66834.96181,0.334961491,130.3000198,50109525.51,31136615.33,Earth
2001620,2001620,1620 Geographos (1951 RA),Geographos,1620,http://ssd.jpl.nasa.gov/sbdb.cgi?sstr=2001620,15.27,2.347226375,5.248557734,2347.226375,5248.557734,1.4584984,3.261301568,7700.874181,17219.67816,TRUE,8/23/1901,1901-Aug-23 17:36,-2.15717E+12,11.76282456,42346.1684,26312.26225,0.033899107,13.18675255,5071234.172,3151118.795,Earth
2001620,2001620,1620 Geographos (1951 RA),Geographos,1620,http://ssd.jpl.nasa.gov/sbdb.cgi?sstr=2001620,15.27,2.347226375,5.248557734,2347.226375,5248.557734,1.4584984,3.261301568,7700.874181,17219.67816,TRUE,2/27/1908,1908-Feb-27 21:02,-1.95161E+12,8.116455651,29219.24034,18155.69965,0.34881522,135.6891205,52182013.92,32424399.91,Earth
2001620,2001620,1620 Geographos (1951 RA),Geographos,1620,http://ssd.jpl.nasa.gov/sbdb.cgi?sstr=2001620,15.27,2.347226375,5.248557734,2347.226375,5248.557734,1.4584984,3.261301568,7700.874181,17219.67816,TRUE,6/7/1908,1908-Jun-07 22:48,-1.94288E+12,8.583855086,30901.87831,19201.22544,0.281640232,109.5580501,42132778.77,26180094.74,Earth
2001620,2001620,1620 Geographos (1951 RA),Geographos,1620,http://ssd.jpl.nasa.gov/sbdb.cgi?sstr=2001620,15.27,2.347226375,5.248557734,2347.226375,5248.557734,1.4584984,3.261301568,7700.874181,17219.67816,TRUE,8/31/1908,1908-Aug-31 15:23,-1.93556E+12,7.081278681,25492.60325,15840.11228,0.362321143,140.9429246,54202471.25,33679853.88,Earth
2001620,2001620,1620 Geographos (1951 RA),Geographos,1620,http://ssd.jpl.nasa.gov/sbdb.cgi?sstr=2001620,15.27,2.347226375,5.248557734,2347.226375,5248.557734,1.4584984,3.261301568,7700.874181,17219.67816,TRUE,3/14/1915,1915-Mar-14 16:15,-1.72941E+12,12.10532256,43579.1612,27078.39603,0.08159949,31.74220161,12207109.9,7585146.362,Earth
2001620,2001620,1620 Geographos (1951 RA),Geographos,1620,http://ssd.jpl.nasa.gov/sbdb.cgi?sstr=2001620,15.27,2.347226375,5.248557734,2347.226375,5248.557734,1.4584984,3.261301568,7700.874181,17219.67816,TRUE,9/8/1919,1919-Sep-08 06:12,-1.58784E+12,20.02821,72101.55601,44801.10296,0.311150753,121.037643,46547489.91,28923269.04,Earth
2001620,2001620,1620 Geographos (1951 RA),Geographos,1620,http://ssd.jpl.nasa.gov/sbdb.cgi?sstr=2001620,15.27,2.347226375,5.248557734,2347.226375,5248.557734,1.4584984,3.261301568,7700.874181,17219.67816,TRUE,2/27/1922,1922-Feb-27 21:16,-1.50976E+12,22.23977287,80063.18234,49748.14794,0.391751456,152.3913162,58605183.31,36415572.3,Earth
2001620,2001620,1620 Geographos (1951 RA),Geographos,1620,http://ssd.jpl.nasa.gov/sbdb.cgi?sstr=2001620,15.27,2.347226375,5.248557734,2347.226375,5248.557734,1.4584984,3.261301568,7700.874181,17219.67816,TRUE,8/21/1926,1926-Aug-21 06:24,-1.36847E+12,10.55956599,38014.43757,23620.69317,0.066484235,25.86236734,9945899.915,6180095.632,Earth
2001620,2001620,1620 Geographos (1951 RA),Geographos,1620,http://ssd.jpl.nasa.gov/sbdb.cgi?sstr=2001620,15.27,2.347226375,5.248557734,2347.226375,5248.557734,1.4584984,3.261301568,7700.874181,17219.67816,TRUE,3/11/1933,1933-Mar-11 02:46,-1.16164E+12,7.654079242,27554.68527,17121.40986,0.273685455,106.4636421,40942761.15,25440652.08,Earth
2001620,2001620,1620 Geographos (1951 RA),Geographos,1620,http://ssd.jpl.nasa.gov/sbdb.cgi?sstr=2001620,15.27,2.347226375,5.248557734,2347.226375,5248.557734,1.4584984,3.261301568,7700.874181,17219.67816,TRUE,5/8/1933,1933-May-08 19:40,-1.15657E+12,7.791227379,28048.41856,17428.19652,0.270760514,105.3258398,40505196.13,25168761.78,Earth
2001620,2001620,1620 Geographos (1951 RA),Geographos,1620,http://ssd.jpl.nasa.gov/sbdb.cgi?sstr=2001620,15.27,2.347226375,5.248557734,2347.226375,5248.557734,1.4584984,3.261301568,7700.874181,17219.67816,TRUE,9/19/1933,1933-Sep-19 01:31,-1.14505E+12,7.909786567,28475.23164,17693.40157,0.433453629,168.6134615,64843739.57,40292031.4,Earth
2001620,2001620,1620 Geographos (1951 RA),Geographos,1620,http://ssd.jpl.nasa.gov/sbdb.cgi?sstr=2001620,15.27,2.347226375,5.248557734,2347.226375,5248.557734,1.4584984,3.261301568,7700.874181,17219.67816,TRUE,3/9/1940,1940-Mar-09 21:19,-9.40819E+11,14.99404787,53978.57233,33540.18568,0.14702945,57.19445609,21995292.56,13667241.04,Earth
2001620,2001620,1620 Geographos (1951 RA),Geographos,1620,http://ssd.jpl.nasa.gov/sbdb.cgi?sstr=2001620,15.27,2.347226375,5.248557734,2347.226375,5248.557734,1.4584984,3.261301568,7700.874181,17219.67816,TRUE,9/2/1944,1944-Sep-02 03:37,-7.9936E+11,16.73743343,60254.76035,37439.96484,0.191637883,74.5471366,28668619.15,17813853.9,Earth
2001620,2001620,1620 Geographos (1951 RA),Geographos,1620,http://ssd.jpl.nasa.gov/sbdb.cgi?sstr=2001620,15.27,2.347226375,5.248557734,2347.226375,5248.557734,1.4584984,3.261301568,7700.874181,17219.67816,TRUE,2/10/1951,1951-Feb-10 07:22,-5.96133E+11,9.177113987,33037.61035,20528.28628,0.461491748,179.5202898,69038182.46,42898337.36,Earth
2001620,2001620,1620 Geographos (1951 RA),Geographos,1620,http://ssd.jpl.nasa.gov/sbdb.cgi?sstr=2001620,15.27,2.347226375,5.248557734,2347.226375,5248.557734,1.4584984,3.261301568,7700.874181,17219.67816,TRUE,8/8/1951,1951-Aug-08 15:38,-5.80638E+11,7.995894031,28785.21851,17886.01536,0.19365258,75.33085362,28970013.49,18001131.66,Earth
2001620,2001620,1620 Geographos (1951 RA),Geographos,1620,http://ssd.jpl.nasa.gov/sbdb.cgi?sstr=2001620,15.27,2.347226375,5.248557734,2347.226375,5248.557734,1.4584984,3.261301568,7700.874181,17219.67816,TRUE,3/18/1958,1958-Mar-18 04:43,-3.72108E+11,9.055367838,32599.32422,20255.95232,0.151504213,58.93513901,22664707.62,14083196.27,Earth
2001620,2001620,1620 Geographos (1951 RA),Geographos,1620,http://ssd.jpl.nasa.gov/sbdb.cgi?sstr=2001620,15.27,2.347226375,5.248557734,2347.226375,5248.557734,1.4584984,3.261301568,7700.874181,17219.67816,TRUE,9/13/1962,1962-Sep-13 21:32,-2.30351E+11,23.55951031,84814.2371,52700.2686,0.436384561,169.7535943,65282200.86,40564478.61,Earth
2001620,2001620,1620 Geographos (1951 RA),Geographos,1620,http://ssd.jpl.nasa.gov/sbdb.cgi?sstr=2001620,15.27,2.347226375,5.248557734,2347.226375,5248.557734,1.4584984,3.261301568,7700.874181,17219.67816,TRUE,3/4/1965,1965-Mar-04 20:24,-1.52336E+11,18.7506274,67502.25863,41943.27842,0.272661216,106.0652129,40789537.12,25345443.08,Earth
2001620,2001620,1620 Geographos (1951 RA),Geographos,1620,http://ssd.jpl.nasa.gov/sbdb.cgi?sstr=2001620,15.27,2.347226375,5.248557734,2347.226375,5248.557734,1.4584984,3.261301568,7700.874181,17219.67816,TRUE,8/27/1969,1969-Aug-27 00:06,-10972440000,13.17653611,47435.53001,29474.59363,0.060603344,23.57470066,9066131.117,5633432.651,Earth
2001620,2001620,1620 Geographos (1951 RA),Geographos,1620,http://ssd.jpl.nasa.gov/sbdb.cgi?sstr=2001620,15.27,2.347226375,5.248557734,2347.226375,5248.557734,1.4584984,3.261301568,7700.874181,17219.67816,TRUE,2/22/1976,1976-Feb-22 11:52,1.93838E+11,8.454069734,30434.65104,18910.90859,0.384692321,149.6453128,57549151.8,35759384.74,Earth
2001620,2001620,1620 Geographos (1951 RA),Geographos,1620,http://ssd.jpl.nasa.gov/sbdb.cgi?sstr=2001620,15.27,2.347226375,5.248557734,2347.226375,5248.557734,1.4584984,3.261301568,7700.874181,17219.67816,TRUE,6/23/1976,1976-Jun-23 12:31,2.04381E+11,8.533033653,30718.92115,19087.54298,0.271126934,105.4683773,40560011.81,25202822.67,Earth
2001620,2001620,1620 Geographos (1951 RA),Geographos,1620,http://ssd.jpl.nasa.gov/sbdb.cgi?sstr=2001620,15.27,2.347226375,5.248557734,2347.226375,5248.557734,1.4584984,3.261301568,7700.874181,17219.67816,TRUE,3/16/1983,1983-Mar-16 10:22,4.16658E+11,11.0596573,39814.76628,24739.34741,0.089458832,34.79948565,13382850.72,8315717.832,Earth
2001620,2001620,1620 Geographos (1951 RA),Geographos,1620,http://ssd.jpl.nasa.gov/sbdb.cgi?sstr=2001620,15.27,2.347226375,5.248557734,2347.226375,5248.557734,1.4584984,3.261301568,7700.874181,17219.67816,TRUE,9/10/1987,1987-Sep-10 22:36,5.58312E+11,21.4485047,77214.61691,47978.16016,0.362124339,140.8663677,54173029.73,33661559.77,Earth
2001620,2001620,1620 Geographos (1951 RA),Geographos,1620,http://ssd.jpl.nasa.gov/sbdb.cgi?sstr=2001620,15.27,2.347226375,5.248557734,2347.226375,5248.557734,1.4584984,3.261301568,7700.874181,17219.67816,TRUE,3/2/1990,1990-Mar-02 19:44,6.36407E+11,20.52626882,73894.56776,45915.21073,0.334198458,130.0032,49995377.43,31065687,Earth
2001620,2001620,1620 Geographos (1951 RA),Geographos,1620,http://ssd.jpl.nasa.gov/sbdb.cgi?sstr=2001620,15.27,2.347226375,5.248557734,2347.226375,5248.557734,1.4584984,3.261301568,7700.874181,17219.67816,TRUE,8/25/1994,1994-Aug-25 10:10,7.77809E+11,12.21723258,43982.03729,27328.72756,0.033304723,12.95553717,4982315.592,3095867.351,Earth
2001620,2001620,1620 Geographos (1951 RA),Geographos,1620,http://ssd.jpl.nasa.gov/sbdb.cgi?sstr=2001620,15.27,2.347226375,5.248557734,2347.226375,5248.557734,1.4584984,3.261301568,7700.874181,17219.67816,TRUE,2/20/2001,2001-Feb-20 23:36,9.82712E+11,8.541197553,30748.31119,19105.80481,0.391083604,152.131522,58505274.18,36353491.64,Earth
2001620,2001620,1620 Geographos (1951 RA),Geographos,1620,http://ssd.jpl.nasa.gov/sbdb.cgi?sstr=2001620,15.27,2.347226375,5.248557734,2347.226375,5248.557734,1.4584984,3.261301568,7700.874181,17219.67816,TRUE,6/27/2001,2001-Jun-27 11:35,9.93642E+11,8.500678947,30602.44421,19015.16874,0.267086555,103.8966697,39955579.67,24827245.95,Earth
2001620,2001620,1620 Geographos (1951 RA),Geographos,1620,http://ssd.jpl.nasa.gov/sbdb.cgi?sstr=2001620,15.27,2.347226375,5.248557734,2347.226375,5248.557734,1.4584984,3.261301568,7700.874181,17219.67816,TRUE,3/17/2008,2008-Mar-17 11:41,1.20575E+12,9.743858173,35077.88942,21796.03635,0.12510268,48.66494244,18715094.43,11629020.43,Earth
2001620,2001620,1620 Geographos (1951 RA),Geographos,1620,http://ssd.jpl.nasa.gov/sbdb.cgi?sstr=2001620,15.27,2.347226375,5.248557734,2347.226375,5248.557734,1.4584984,3.261301568,7700.874181,17219.67816,TRUE,9/14/2012,2012-Sep-14 02:56,1.34759E+12,23.84672263,85848.20148,53342.73386,0.446174816,173.5620035,66746802.15,41474539.66,Earth
2001620,2001620,1620 Geographos (1951 RA),Geographos,1620,http://ssd.jpl.nasa.gov/sbdb.cgi?sstr=2001620,15.27,2.347226375,5.248557734,2347.226375,5248.557734,1.4584984,3.261301568,7700.874181,17219.67816,TRUE,3/7/2015,2015-Mar-07 09:37,1.42572E+12,17.70532232,63739.16034,39605.03549,0.238422157,92.74621903,35667446.83,22162723.76,Earth
2001620,2001620,1620 Geographos (1951 RA),Geographos,1620,http://ssd.jpl.nasa.gov/sbdb.cgi?sstr=2001620,15.27,2.347226375,5.248557734,2347.226375,5248.557734,1.4584984,3.261301568,7700.874181,17219.67816,TRUE,8/31/2019,2019-Aug-31 17:20,1.56727E+12,15.28353947,55020.74211,34187.74945,0.137257678,53.3932367,20533456.25,12758898.08,Earth
2001620,2001620,1620 Geographos (1951 RA),Geographos,1620,http://ssd.jpl.nasa.gov/sbdb.cgi?sstr=2001620,15.27,2.347226375,5.248557734,2347.226375,5248.557734,1.4584984,3.261301568,7700.874181,17219.67816,TRUE,2/9/2026,2026-Feb-09 02:21,1.7706E+12,9.311843181,33522.63545,20829.66201,0.472932277,183.9706556,70749661.23,43961800.95,Earth
2001620,2001620,1620 Geographos (1951 RA),Geographos,1620,http://ssd.jpl.nasa.gov/sbdb.cgi?sstr=2001620,15.27,2.347226375,5.248557734,2347.226375,5248.557734,1.4584984,3.261301568,7700.874181,17219.67816,TRUE,8/12/2026,2026-Aug-12 08:35,1.78652E+12,8.361536758,30101.53233,18703.92157,0.170437179,66.30006244,25497038.87,15843125.3,Earth
2001620,2001620,1620 Geographos (1951 RA),Geographos,1620,http://ssd.jpl.nasa.gov/sbdb.cgi?sstr=2001620,15.27,2.347226375,5.248557734,2347.226375,5248.557734,1.4584984,3.261301568,7700.874181,17219.67816,TRUE,3/14/2033,2033-Mar-14 23:04,1.99445E+12,7.737119823,27853.63136,17307.16333,0.245392468,95.4576699,36710190.47,22810654.61,Earth
2001620,2001620,1620 Geographos (1951 RA),Geographos,1620,http://ssd.jpl.nasa.gov/sbdb.cgi?sstr=2001620,15.27,2.347226375,5.248557734,2347.226375,5248.557734,1.4584984,3.261301568,7700.874181,17219.67816,TRUE,9/23/2033,2033-Sep-23 08:08,2.01108E+12,8.079800115,29087.28041,18073.70488,0.454800719,176.9174797,68037218.84,42276367.4,Earth
2001620,2001620,1620 Geographos (1951 RA),Geographos,1620,http://ssd.jpl.nasa.gov/sbdb.cgi?sstr=2001620,15.27,2.347226375,5.248557734,2347.226375,5248.557734,1.4584984,3.261301568,7700.874181,17219.67816,TRUE,3/12/2040,2040-Mar-12 10:58,2.21516E+12,13.74300417,49474.81499,30741.72602,0.113638549,44.20539544,17000084.84,10563362.89,Earth
2001620,2001620,1620 Geographos (1951 RA),Geographos,1620,http://ssd.jpl.nasa.gov/sbdb.cgi?sstr=2001620,15.27,2.347226375,5.248557734,2347.226375,5248.557734,1.4584984,3.261301568,7700.874181,17219.67816,TRUE,9/6/2044,2044-Sep-06 21:24,2.35681E+12,19.20455041,69136.38148,42958.65881,0.281446328,109.4826217,42103771.25,26162070.3,Earth
2001620,2001620,1620 Geographos (1951 RA),Geographos,1620,http://ssd.jpl.nasa.gov/sbdb.cgi?sstr=2001620,15.27,2.347226375,5.248557734,2347.226375,5248.557734,1.4584984,3.261301568,7700.874181,17219.67816,TRUE,2/28/2047,2047-Feb-28 15:33,2.43498E+12,22.54402073,81158.47464,50428.71998,0.403495822,156.9598749,60362115.57,37507279.38,Earth
2001620,2001620,1620 Geographos (1951 RA),Geographos,1620,http://ssd.jpl.nasa.gov/sbdb.cgi?sstr=2001620,15.27,2.347226375,5.248557734,2347.226375,5248.557734,1.4584984,3.261301568,7700.874181,17219.67816,TRUE,8/23/2051,2051-Aug-23 03:35,2.57637E+12,11.01304444,39646.95998,24635.0791,0.04788147,18.62589179,7162965.91,4450860.627,Earth
2001620,2001620,1620 Geographos (1951 RA),Geographos,1620,http://ssd.jpl.nasa.gov/sbdb.cgi?sstr=2001620,15.27,2.347226375,5.248557734,2347.226375,5248.557734,1.4584984,3.261301568,7700.874181,17219.67816,TRUE,3/4/2058,2058-Mar-04 22:24,2.78251E+12,7.925644079,28532.31868,17728.87324,0.31605767,122.9464336,47281554.2,29379395.44,Earth
2001620,2001620,1620 Geographos (1951 RA),Geographos,1620,http://ssd.jpl.nasa.gov/sbdb.cgi?sstr=2001620,15.27,2.347226375,5.248557734,2347.226375,5248.557734,1.4584984,3.261301568,7700.874181,17219.67816,TRUE,5/28/2058,2058-May-28 23:59,2.78986E+12,8.403993007,30254.37483,18798.89196,0.281978274,109.6895486,42183349.19,26211517.74,Earth
2001620,2001620,1620 Geographos (1951 RA),Geographos,1620,http://ssd.jpl.nasa.gov/sbdb.cgi?sstr=2001620,15.27,2.347226375,5.248557734,2347.226375,5248.557734,1.4584984,3.261301568,7700.874181,17219.67816,TRUE,9/11/2058,2058-Sep-11 03:13,2.79894E+12,7.41453783,26692.33619,16585.57967,0.396026564,154.0543333,59244730.41,36812968.44,Earth
2001620,2001620,1620 Geographos (1951 RA),Geographos,1620,http://ssd.jpl.nasa.gov/sbdb.cgi?sstr=2001620,15.27,2.347226375,5.248557734,2347.226375,5248.557734,1.4584984,3.261301568,7700.874181,17219.67816,TRUE,3/13/2065,2065-Mar-13 19:56,3.0042E+12,12.95169329,46626.09585,28971.64272,0.096597914,37.57658839,14450842.12,8979336.917,Earth
2001620,2001620,1620 Geographos (1951 RA),Geographos,1620,http://ssd.jpl.nasa.gov/sbdb.cgi?sstr=2001620,15.27,2.347226375,5.248557734,2347.226375,5248.557734,1.4584984,3.261301568,7700.874181,17219.67816,TRUE,9/7/2069,2069-Sep-07 10:06,3.14577E+12,19.26985326,69371.47175,43104.73477,0.284331893,110.6051065,42535445.63,26430300.32,Earth
2001620,2001620,1620 Geographos (1951 RA),Geographos,1620,http://ssd.jpl.nasa.gov/sbdb.cgi?sstr=2001620,15.27,2.347226375,5.248557734,2347.226375,5248.557734,1.4584984,3.261301568,7700.874181,17219.67816,TRUE,2/28/2072,2072-Feb-28 11:27,3.22388E+12,22.8747569,82349.12485,51168.54372,0.414919075,161.4035203,62071009.9,38569137.08,Earth
2001620,2001620,1620 Geographos (1951 RA),Geographos,1620,http://ssd.jpl.nasa.gov/sbdb.cgi?sstr=2001620,15.27,2.347226375,5.248557734,2347.226375,5248.557734,1.4584984,3.261301568,7700.874181,17219.67816,TRUE,8/20/2076,2076-Aug-20 09:35,3.36514E+12,10.2248449,36809.44165,22871.95556,0.078369723,30.48582213,11723943.59,7284920.74,Earth
2001620,2001620,1620 Geographos (1951 RA),Geographos,1620,http://ssd.jpl.nasa.gov/sbdb.cgi?sstr=2001620,15.27,2.347226375,5.248557734,2347.226375,5248.557734,1.4584984,3.261301568,7700.874181,17219.67816,TRUE,3/12/2083,2083-Mar-12 08:34,3.57207E+12,7.745009907,27882.03567,17324.81266,0.268551248,104.4664353,40174694.63,24963397.67,Earth
2001620,2001620,1620 Geographos (1951 RA),Geographos,1620,http://ssd.jpl.nasa.gov/sbdb.cgi?sstr=2001620,15.27,2.347226375,5.248557734,2347.226375,5248.557734,1.4584984,3.261301568,7700.874181,17219.67816,TRUE,5/8/2083,2083-May-08 07:42,3.57699E+12,7.648484728,27534.54502,17108.89549,0.269859605,104.9753862,40370422.05,25085017.05,Earth
2001620,2001620,1620 Geographos (1951 RA),Geographos,1620,http://ssd.jpl.nasa.gov/sbdb.cgi?sstr=2001620,15.27,2.347226375,5.248557734,2347.226375,5248.557734,1.4584984,3.261301568,7700.874181,17219.67816,TRUE,9/20/2083,2083-Sep-20 20:56,3.5887E+12,7.869234774,28329.24519,17602.69127,0.438847306,170.7116022,65650622.28,40793405.07,Earth
2001620,2001620,1620 Geographos (1951 RA),Geographos,1620,http://ssd.jpl.nasa.gov/sbdb.cgi?sstr=2001620,15.27,2.347226375,5.248557734,2347.226375,5248.557734,1.4584984,3.261301568,7700.874181,17219.67816,TRUE,3/11/2090,2090-Mar-11 06:39,3.7929E+12,15.00592707,54021.33745,33566.75826,0.150807052,58.66394311,22560413.72,14018391.04,Earth
2001620,2001620,1620 Geographos (1951 RA),Geographos,1620,http://ssd.jpl.nasa.gov/sbdb.cgi?sstr=2001620,15.27,2.347226375,5.248557734,2347.226375,5248.557734,1.4584984,3.261301568,7700.874181,17219.67816,TRUE,9/3/2094,2094-Sep-03 10:34,3.93435E+12,16.6942665,60099.35942,37343.40474,0.190023669,73.91920705,28427136.06,17663803.26,Earth
2001620,2001620,1620 Geographos (1951 RA),Geographos,1620,http://ssd.jpl.nasa.gov/sbdb.cgi?sstr=2001620,15.27,2.347226375,5.248557734,2347.226375,5248.557734,1.4584984,3.261301568,7700.874181,17219.67816,TRUE,2/12/2101,2101-Feb-12 10:24,4.13765E+12,9.169252466,33009.30888,20510.70084,0.455854846,177.3275352,68194914.05,42374354.67,Earth
2001620,2001620,1620 Geographos (1951 RA),Geographos,1620,http://ssd.jpl.nasa.gov/sbdb.cgi?sstr=2001620,15.27,2.347226375,5.248557734,2347.226375,5248.557734,1.4584984,3.261301568,7700.874181,17219.67816,TRUE,8/7/2101,2101-Aug-07 02:26,4.15282E+12,8.011930523,28842.94988,17921.88739,0.198036903,77.03635519,29625898.84,18408679.92,Earth
2001620,2001620,1620 Geographos (1951 RA),Geographos,1620,http://ssd.jpl.nasa.gov/sbdb.cgi?sstr=2001620,15.27,2.347226375,5.248557734,2347.226375,5248.557734,1.4584984,3.261301568,7700.874181,17219.67816,TRUE,3/18/2108,2108-Mar-18 23:57,4.36156E+12,9.390517787,33805.86403,21005.64924,0.139565406,54.29094274,20878687.39,12973414.76,Earth
2001620,2001620,1620 Geographos (1951 RA),Geographos,1620,http://ssd.jpl.nasa.gov/sbdb.cgi?sstr=2001620,15.27,2.347226375,5.248557734,2347.226375,5248.557734,1.4584984,3.261301568,7700.874181,17219.67816,TRUE,9/14/2112,2112-Sep-14 05:20,4.50327E+12,22.84461645,82240.61921,51101.12253,0.411576294,160.1031783,61570936.91,38258406.13,Earth
2001620,2001620,1620 Geographos (1951 RA),Geographos,1620,http://ssd.jpl.nasa.gov/sbdb.cgi?sstr=2001620,15.27,2.347226375,5.248557734,2347.226375,5248.557734,1.4584984,3.261301568,7700.874181,17219.67816,TRUE,3/6/2115,2115-Mar-06 04:41,4.58129E+12,19.56345158,70428.42567,43761.48483,0.302934987,117.8417098,45318428.74,28159565.85,Earth
2001620,2001620,1620 Geographos (1951 RA),Geographos,1620,http://ssd.jpl.nasa.gov/sbdb.cgi?sstr=2001620,15.27,2.347226375,5.248557734,2347.226375,5248.557734,1.4584984,3.261301568,7700.874181,17219.67816,TRUE,8/27/2119,2119-Aug-27 16:10,4.7226E+12,12.38899051,44600.36582,27712.93286,0.033616523,13.07682729,5028960.178,3124850.953,Earth
2001620,2001620,1620 Geographos (1951 RA),Geographos,1620,http://ssd.jpl.nasa.gov/sbdb.cgi?sstr=2001620,15.27,2.347226375,5.248557734,2347.226375,5248.557734,1.4584984,3.261301568,7700.874181,17219.67816,TRUE,2/25/2126,2126-Feb-25 01:41,4.92766E+12,8.454830021,30437.38807,18912.60927,0.374967922,145.8625216,56094402.43,34855445.4,Earth
2001620,2001620,1620 Geographos (1951 RA),Geographos,1620,http://ssd.jpl.nasa.gov/sbdb.cgi?sstr=2001620,15.27,2.347226375,5.248557734,2347.226375,5248.557734,1.4584984,3.261301568,7700.874181,17219.67816,TRUE,6/23/2126,2126-Jun-23 11:31,4.93789E+12,8.606834513,30984.60425,19252.62812,0.27284946,106.1384398,40817698,25362941.44,Earth
2001620,2001620,1620 Geographos (1951 RA),Geographos,1620,http://ssd.jpl.nasa.gov/sbdb.cgi?sstr=2001620,15.27,2.347226375,5.248557734,2347.226375,5248.557734,1.4584984,3.261301568,7700.874181,17219.67816,TRUE,3/18/2133,2133-Mar-18 05:51,5.15041E+12,10.69442845,38499.94242,23922.367,0.100594065,39.13109121,15048657.83,9350802.372,Earth
2001620,2001620,1620 Geographos (1951 RA),Geographos,1620,http://ssd.jpl.nasa.gov/sbdb.cgi?sstr=2001620,15.27,2.347226375,5.248557734,2347.226375,5248.557734,1.4584984,3.261301568,7700.874181,17219.67816,TRUE,9/13/2137,2137-Sep-13 19:10,5.29216E+12,22.34255913,80433.21288,49978.07052,0.393490065,153.0676354,58865275.65,36577186.18,Earth
2001620,2001620,1620 Geographos (1951 RA),Geographos,1620,http://ssd.jpl.nasa.gov/sbdb.cgi?sstr=2001620,15.27,2.347226375,5.248557734,2347.226375,5248.557734,1.4584984,3.261301568,7700.874181,17219.67816,TRUE,3/5/2140,2140-Mar-05 23:55,5.37028E+12,19.42555654,69932.00355,43453.02743,0.298455224,116.0990822,44648265.83,27743145.92,Earth
2001620,2001620,1620 Geographos (1951 RA),Geographos,1620,http://ssd.jpl.nasa.gov/sbdb.cgi?sstr=2001620,15.27,2.347226375,5.248557734,2347.226375,5248.557734,1.4584984,3.261301568,7700.874181,17219.67816,TRUE,8/29/2144,2144-Aug-29 08:08,5.51174E+12,13.51829427,48665.85937,30239.07245,0.070525531,27.43443136,10550469.14,6555757.531,Earth
2001620,2001620,1620 Geographos (1951 RA),Geographos,1620,http://ssd.jpl.nasa.gov/sbdb.cgi?sstr=2001620,15.27,2.347226375,5.248557734,2347.226375,5248.557734,1.4584984,3.261301568,7700.874181,17219.67816,TRUE,2/17/2151,2151-Feb-17 11:46,5.71592E+12,8.960782195,32258.8159,20044.37369,0.428668815,166.7521691,64127941.69,39847255.22,Earth
2001620,2001620,1620 Geographos (1951 RA),Geographos,1620,http://ssd.jpl.nasa.gov/sbdb.cgi?sstr=2001620,15.27,2.347226375,5.248557734,2347.226375,5248.557734,1.4584984,3.261301568,7700.874181,17219.67816,TRUE,7/22/2151,2151-Jul-22 16:37,5.72933E+12,8.084510108,29104.23639,18084.24066,0.231949158,90.22822254,34699100.02,21561020.95,Earth
2001620,2001620,1620 Geographos (1951 RA),Geographos,1620,http://ssd.jpl.nasa.gov/sbdb.cgi?sstr=2001620,15.27,2.347226375,5.248557734,2347.226375,5248.557734,1.4584984,3.261301568,7700.874181,17219.67816,TRUE,3/20/2158,2158-Mar-20 02:29,5.93949E+12,8.645559252,31124.01331,19339.25149,0.17508769,68.10911129,26192745.44,16275417.32,Earth
2001620,2001620,1620 Geographos (1951 RA),Geographos,1620,http://ssd.jpl.nasa.gov/sbdb.cgi?sstr=2001620,15.27,2.347226375,5.248557734,2347.226375,5248.557734,1.4584984,3.261301568,7700.874181,17219.67816,TRUE,3/11/2165,2165-Mar-11 12:24,6.15967E+12,15.88369221,57181.29197,35530.23111,0.180381553,70.16842392,26984696.04,16767512.6,Earth
2001620,2001620,1620 Geographos (1951 RA),Geographos,1620,http://ssd.jpl.nasa.gov/sbdb.cgi?sstr=2001620,15.27,2.347226375,5.248557734,2347.226375,5248.557734,1.4584984,3.261301568,7700.874181,17219.67816,TRUE,9/5/2169,2169-Sep-05 14:32,6.30129E+12,17.26568715,62156.47375,38621.61559,0.210728533,81.97339941,31524539.71,19588440.65,Earth
2001620,2001620,1620 Geographos (1951 RA),Geographos,1620,http://ssd.jpl.nasa.gov/sbdb.cgi?sstr=2001620,15.27,2.347226375,5.248557734,2347.226375,5248.557734,1.4584984,3.261301568,7700.874181,17219.67816,TRUE,2/28/2172,2172-Feb-28 02:38,6.37953E+12,24.42184359,87918.63693,54629.22193,0.468383417,182.2011493,70069161.54,43538958.05,Earth
2001620,2001620,1620 Geographos (1951 RA),Geographos,1620,http://ssd.jpl.nasa.gov/sbdb.cgi?sstr=2001620,15.27,2.347226375,5.248557734,2347.226375,5248.557734,1.4584984,3.261301568,7700.874181,17219.67816,TRUE,8/20/2176,2176-Aug-20 12:13,6.52082E+12,9.872511372,35541.04094,22083.82069,0.093633612,36.42347503,14007388.9,8703787.863,Earth
2001620,2001620,1620 Geographos (1951 RA),Geographos,1620,http://ssd.jpl.nasa.gov/sbdb.cgi?sstr=2001620,15.27,2.347226375,5.248557734,2347.226375,5248.557734,1.4584984,3.261301568,7700.874181,17219.67816,TRUE,3/8/2183,2183-Mar-08 21:14,6.72744E+12,7.89295406,28414.63461,17655.74894,0.30144825,117.2633693,45096016.13,28021365.06,Earth
2001620,2001620,1620 Geographos (1951 RA),Geographos,1620,http://ssd.jpl.nasa.gov/sbdb.cgi?sstr=2001620,15.27,2.347226375,5.248557734,2347.226375,5248.557734,1.4584984,3.261301568,7700.874181,17219.67816,TRUE,5/26/2183,2183-May-26 05:10,6.73421E+12,8.25534772,29719.25179,18466.38732,0.280400278,109.0757082,41947284.37,26064833.86,Earth
2001620,2001620,1620 Geographos (1951 RA),Geographos,1620,http://ssd.jpl.nasa.gov/sbdb.cgi?sstr=2001620,15.27,2.347226375,5.248557734,2347.226375,5248.557734,1.4584984,3.261301568,7700.874181,17219.67816,TRUE,9/15/2183,2183-Sep-15 19:32,6.74394E+12,7.505984218,27021.54318,16790.1361,0.410146841,159.547121,61357093.74,38125530.15,Earth
2001620,2001620,1620 Geographos (1951 RA),Geographos,1620,http://ssd.jpl.nasa.gov/sbdb.cgi?sstr=2001620,15.27,2.347226375,5.248557734,2347.226375,5248.557734,1.4584984,3.261301568,7700.874181,17219.67816,TRUE,3/16/2190,2190-Mar-16 04:16,6.94899E+12,12.71930636,45789.5029,28451.8164,0.096558009,37.56106531,14444872.4,8975627.506,Earth
2001620,2001620,1620 Geographos (1951 RA),Geographos,1620,http://ssd.jpl.nasa.gov/sbdb.cgi?sstr=2001620,15.27,2.347226375,5.248557734,2347.226375,5248.557734,1.4584984,3.261301568,7700.874181,17219.67816,TRUE,9/10/2194,2194-Sep-10 09:32,7.09062E+12,19.85912389,71492.84602,44422.87424,0.305439316,118.8158937,45693071.01,28392357.76,Earth
2001620,2001620,1620 Geographos (1951 RA),Geographos,1620,http://ssd.jpl.nasa.gov/sbdb.cgi?sstr=2001620,15.27,2.347226375,5.248557734,2347.226375,5248.557734,1.4584984,3.261301568,7700.874181,17219.67816,TRUE,3/2/2197,2197-Mar-02 20:06,7.16877E+12,22.05377066,79393.57436,49332.07958,0.3885128,151.1314791,58120687.32,36114520.45,Earth
2001627,2001627,1627 Ivar (1929 SH),Ivar,1627,http://ssd.jpl.nasa.gov/sbdb.cgi?sstr=2001627,12.85,7.154099509,15.99705282,7154.099509,15997.05282,4.445349966,9.940104708,23471.45583,52483.77077,FALSE,7/11/1901,1901-Jul-11 20:46,-2.16088E+12,8.383524425,30180.68793,18753.10579,0.246544933,95.90597878,36882596.78,22917782.93,Earth
2001627,2001627,1627 Ivar (1929 SH),Ivar,1627,http://ssd.jpl.nasa.gov/sbdb.cgi?sstr=2001627,12.85,7.154099509,15.99705282,7154.099509,15997.05282,4.445349966,9.940104708,23471.45583,52483.77077,FALSE,8/17/1906,1906-Aug-17 18:28,-1.99992E+12,13.47046895,48493.68823,30132.092,0.393167347,152.9420979,58816997.62,36547187.61,Earth
2001627,2001627,1627 Ivar (1929 SH),Ivar,1627,http://ssd.jpl.nasa.gov/sbdb.cgi?sstr=2001627,12.85,7.154099509,15.99705282,7154.099509,15997.05282,4.445349966,9.940104708,23471.45583,52483.77077,FALSE,7/19/1929,1929-Jul-19 10:23,-1.27661E+12,6.549871109,23579.53599,14651.40668,0.166522165,64.77712234,24911361.25,15479202.1,Earth
2001627,2001627,1627 Ivar (1929 SH),Ivar,1627,http://ssd.jpl.nasa.gov/sbdb.cgi?sstr=2001627,12.85,7.154099509,15.99705282,7154.099509,15997.05282,4.445349966,9.940104708,23471.45583,52483.77077,FALSE,8/22/1934,1934-Aug-22 18:18,-1.11588E+12,15.88221292,57175.96652,35526.92208,0.482951101,187.8679783,72248456.04,44893108.86,Earth
2001627,2001627,1627 Ivar (1929 SH),Ivar,1627,http://ssd.jpl.nasa.gov/sbdb.cgi?sstr=2001627,12.85,7.154099509,15.99705282,7154.099509,15997.05282,4.445349966,9.940104708,23471.45583,52483.77077,FALSE,7/21/1957,1957-Jul-21 08:58,-3.92829E+11,6.292709454,22653.75404,14076.16178,0.150179451,58.41980632,22466525.94,13960051.88,Earth
2001627,2001627,1627 Ivar (1929 SH),Ivar,1627,http://ssd.jpl.nasa.gov/sbdb.cgi?sstr=2001627,12.85,7.154099509,15.99705282,7154.099509,15997.05282,4.445349966,9.940104708,23471.45583,52483.77077,FALSE,8/23/1962,1962-Aug-23 03:49,-2.32229E+11,15.94109974,57387.95907,35658.64601,0.486435645,189.2234658,72769736.34,45217017.42,Earth
2001627,2001627,1627 Ivar (1929 SH),Ivar,1627,http://ssd.jpl.nasa.gov/sbdb.cgi?sstr=2001627,12.85,7.154099509,15.99705282,7154.099509,15997.05282,4.445349966,9.940104708,23471.45583,52483.77077,FALSE,7/16/1985,1985-Jul-16 15:26,4.90376E+11,7.319622318,26350.64034,16373.26316,0.200732647,78.08499976,30029176.46,18659265.01,Earth
2001627,2001627,1627 Ivar (1929 SH),Ivar,1627,http://ssd.jpl.nasa.gov/sbdb.cgi?sstr=2001627,12.85,7.154099509,15.99705282,7154.099509,15997.05282,4.445349966,9.940104708,23471.45583,52483.77077,FALSE,8/19/1990,1990-Aug-19 15:40,6.5108E+11,13.8788348,49963.8053,31045.56557,0.40766915,158.5832995,60986436.55,37895214.45,Earth
2001627,2001627,1627 Ivar (1929 SH),Ivar,1627,http://ssd.jpl.nasa.gov/sbdb.cgi?sstr=2001627,12.85,7.154099509,15.99705282,7154.099509,15997.05282,4.445349966,9.940104708,23471.45583,52483.77077,FALSE,7/6/2013,2013-Jul-06 21:16,1.37315E+12,10.45271254,37629.76513,23381.67267,0.321571418,125.0912817,48106399.22,29891930.37,Earth
2001627,2001627,1627 Ivar (1929 SH),Ivar,1627,http://ssd.jpl.nasa.gov/sbdb.cgi?sstr=2001627,12.85,7.154099509,15.99705282,7154.099509,15997.05282,4.445349966,9.940104708,23471.45583,52483.77077,FALSE,8/12/2018,2018-Aug-12 14:32,1.53408E+12,10.50060912,37802.19282,23488.81253,0.283997979,110.4752137,42485492.7,26399261.01,Earth
2001627,2001627,1627 Ivar (1929 SH),Ivar,1627,http://ssd.jpl.nasa.gov/sbdb.cgi?sstr=2001627,12.85,7.154099509,15.99705282,7154.099509,15997.05282,4.445349966,9.940104708,23471.45583,52483.77077,FALSE,6/29/2041,2041-Jun-29 06:58,2.2561E+12,13.63834702,49098.04927,30507.61845,0.435301784,169.332394,65120219.71,40463828.19,Earth
2001627,2001627,1627 Ivar (1929 SH),Ivar,1627,http://ssd.jpl.nasa.gov/sbdb.cgi?sstr=2001627,12.85,7.154099509,15.99705282,7154.099509,15997.05282,4.445349966,9.940104708,23471.45583,52483.77077,FALSE,8/6/2046,2046-Aug-06 06:42,2.41715E+12,7.831980484,28195.12974,17519.35714,0.177476452,69.03833994,26550099.24,16497466.67,Earth
2001627,2001627,1627 Ivar (1929 SH),Ivar,1627,http://ssd.jpl.nasa.gov/sbdb.cgi?sstr=2001627,12.85,7.154099509,15.99705282,7154.099509,15997.05282,4.445349966,9.940104708,23471.45583,52483.77077,FALSE,8/3/2074,2074-Aug-03 16:48,3.30054E+12,6.971296303,25096.66669,15594.0927,0.140738084,54.74711468,21054117.59,13082422.03,Earth
2001627,2001627,1627 Ivar (1929 SH),Ivar,1627,http://ssd.jpl.nasa.gov/sbdb.cgi?sstr=2001627,12.85,7.154099509,15.99705282,7154.099509,15997.05282,4.445349966,9.940104708,23471.45583,52483.77077,FALSE,6/25/2097,2097-Jun-25 12:24,4.023E+12,15.28146448,55013.27214,34183.10791,0.486547556,189.2669992,72786478.02,45227420.22,Earth
2001627,2001627,1627 Ivar (1929 SH),Ivar,1627,http://ssd.jpl.nasa.gov/sbdb.cgi?sstr=2001627,12.85,7.154099509,15.99705282,7154.099509,15997.05282,4.445349966,9.940104708,23471.45583,52483.77077,FALSE,8/6/2102,2102-Aug-06 04:18,4.18428E+12,7.314200464,26331.12167,16361.13502,0.156950668,61.0538097,23479485.57,14589475.81,Earth
2001627,2001627,1627 Ivar (1929 SH),Ivar,1627,http://ssd.jpl.nasa.gov/sbdb.cgi?sstr=2001627,12.85,7.154099509,15.99705282,7154.099509,15997.05282,4.445349966,9.940104708,23471.45583,52483.77077,FALSE,7/3/2125,2125-Jul-03 19:10,4.90724E+12,12.59751463,45351.05267,28179.38048,0.397284224,154.543563,59432873.64,36929875.22,Earth
2001627,2001627,1627 Ivar (1929 SH),Ivar,1627,http://ssd.jpl.nasa.gov/sbdb.cgi?sstr=2001627,12.85,7.154099509,15.99705282,7154.099509,15997.05282,4.445349966,9.940104708,23471.45583,52483.77077,FALSE,8/12/2130,2130-Aug-12 12:53,5.06844E+12,9.573209723,34463.555,21414.31283,0.249441908,97.03290237,37315978.19,23187073.65,Earth
2001627,2001627,1627 Ivar (1929 SH),Ivar,1627,http://ssd.jpl.nasa.gov/sbdb.cgi?sstr=2001627,12.85,7.154099509,15.99705282,7154.099509,15997.05282,4.445349966,9.940104708,23471.45583,52483.77077,FALSE,7/13/2153,2153-Jul-13 00:49,5.79165E+12,9.214937494,33173.77498,20612.89368,0.271361102,105.5594686,40595042.85,25224589.94,Earth
2001627,2001627,1627 Ivar (1929 SH),Ivar,1627,http://ssd.jpl.nasa.gov/sbdb.cgi?sstr=2001627,12.85,7.154099509,15.99705282,7154.099509,15997.05282,4.445349966,9.940104708,23471.45583,52483.77077,FALSE,8/20/2158,2158-Aug-20 02:44,5.95271E+12,12.86704831,46321.37392,28782.30037,0.375783108,146.179629,56216352.52,34931221.68,Earth
2001627,2001627,1627 Ivar (1929 SH),Ivar,1627,http://ssd.jpl.nasa.gov/sbdb.cgi?sstr=2001627,12.85,7.154099509,15.99705282,7154.099509,15997.05282,4.445349966,9.940104708,23471.45583,52483.77077,FALSE,7/21/2181,2181-Jul-21 20:30,6.67603E+12,6.793804117,24457.69482,15197.06043,0.16647095,64.75719951,24903699.52,15474441.32,Earth
2001627,2001627,1627 Ivar (1929 SH),Ivar,1627,http://ssd.jpl.nasa.gov/sbdb.cgi?sstr=2001627,12.85,7.154099509,15.99705282,7154.099509,15997.05282,4.445349966,9.940104708,23471.45583,52483.77077,FALSE,8/26/2186,2186-Aug-26 02:04,6.83684E+12,15.59263643,56133.49113,34879.16842,0.473183712,184.0684641,70787275.49,43985173.37,Earth
2001685,2001685,1685 Toro (1948 OA),Toro,1685,http://ssd.jpl.nasa.gov/sbdb.cgi?sstr=2001685,14.33,3.618719966,8.091703836,3618.719966,8091.703835,2.248567644,5.027950104,11872.44121,26547.58561,FALSE,8/2/1900,1900-Aug-02 11:05,-2.19055E+12,17.00910505,61232.77818,38047.66709,0.200265521,77.90328767,29959295.38,18615842.92,Earth
2001685,2001685,1685 Toro (1948 OA),Toro,1685,http://ssd.jpl.nasa.gov/sbdb.cgi?sstr=2001685,14.33,3.618719966,8.091703836,3618.719966,8091.703835,2.248567644,5.027950104,11872.44121,26547.58561,FALSE,1/29/1904,1904-Jan-29 05:51,-2.0804E+12,21.17578454,76232.82434,47368.11243,0.297916285,115.889435,44567641.72,27693048.42,Earth
2001685,2001685,1685 Toro (1948 OA),Toro,1685,http://ssd.jpl.nasa.gov/sbdb.cgi?sstr=2001685,14.33,3.618719966,8.091703836,3618.719966,8091.703835,2.248567644,5.027950104,11872.44121,26547.58561,FALSE,8/4/1908,1908-Aug-04 01:10,-1.93795E+12,16.13510677,58086.38437,36092.62033,0.177032809,68.86576282,26483731.19,16456227.48,Earth
2001685,2001685,1685 Toro (1948 OA),Toro,1685,http://ssd.jpl.nasa.gov/sbdb.cgi?sstr=2001685,14.33,3.618719966,8.091703836,3618.719966,8091.703835,2.248567644,5.027950104,11872.44121,26547.58561,FALSE,1/31/1912,1912-Jan-31 01:55,-1.82779E+12,22.14912202,79736.83927,49545.37105,0.330451006,128.5454413,49434766.64,30717339.61,Earth
2001685,2001685,1685 Toro (1948 OA),Toro,1685,http://ssd.jpl.nasa.gov/sbdb.cgi?sstr=2001685,14.33,3.618719966,8.091703836,3618.719966,8091.703835,2.248567644,5.027950104,11872.44121,26547.58561,FALSE,8/5/1916,1916-Aug-05 18:54,-1.68534E+12,15.18847587,54678.51312,33975.10167,0.154401181,60.06205929,23098087.76,14352486.2,Earth
2001685,2001685,1685 Toro (1948 OA),Toro,1685,http://ssd.jpl.nasa.gov/sbdb.cgi?sstr=2001685,14.33,3.618719966,8.091703836,3618.719966,8091.703835,2.248567644,5.027950104,11872.44121,26547.58561,FALSE,2/1/1920,1920-Feb-01 16:58,-1.57518E+12,23.06739791,83042.63249,51599.46239,0.361595786,140.6607608,54093959.4,33612427.74,Earth
2001685,2001685,1685 Toro (1948 OA),Toro,1685,http://ssd.jpl.nasa.gov/sbdb.cgi?sstr=2001685,14.33,3.618719966,8.091703836,3618.719966,8091.703835,2.248567644,5.027950104,11872.44121,26547.58561,FALSE,8/7/1924,1924-Aug-07 09:59,-1.43274E+12,14.35099012,51663.56445,32101.72981,0.138348905,53.81772401,20696701.49,12860333.96,Earth
2001685,2001685,1685 Toro (1948 OA),Toro,1685,http://ssd.jpl.nasa.gov/sbdb.cgi?sstr=2001685,14.33,3.618719966,8.091703836,3618.719966,8091.703835,2.248567644,5.027950104,11872.44121,26547.58561,FALSE,2/3/1928,1928-Feb-03 02:53,-1.3226E+12,23.83907717,85820.6778,53325.63171,0.387208239,150.624005,57925527.8,35993253.95,Earth
2001685,2001685,1685 Toro (1948 OA),Toro,1685,http://ssd.jpl.nasa.gov/sbdb.cgi?sstr=2001685,14.33,3.618719966,8.091703836,3618.719966,8091.703835,2.248567644,5.027950104,11872.44121,26547.58561,FALSE,8/8/1932,1932-Aug-08 15:40,-1.18017E+12,13.71832107,49385.95587,30686.51241,0.129129736,50.23146723,19317533.43,12003358.67,Earth
2001685,2001685,1685 Toro (1948 OA),Toro,1685,http://ssd.jpl.nasa.gov/sbdb.cgi?sstr=2001685,14.33,3.618719966,8.091703836,3618.719966,8091.703835,2.248567644,5.027950104,11872.44121,26547.58561,FALSE,2/4/1936,1936-Feb-04 06:30,-1.07004E+12,24.44946682,88018.08057,54691.01234,0.407588186,158.5518045,60974324.52,37887688.38,Earth
2001685,2001685,1685 Toro (1948 OA),Toro,1685,http://ssd.jpl.nasa.gov/sbdb.cgi?sstr=2001685,14.33,3.618719966,8.091703836,3618.719966,8091.703835,2.248567644,5.027950104,11872.44121,26547.58561,FALSE,8/9/1940,1940-Aug-09 13:03,-9.2763E+11,13.28077115,47810.77612,29707.75697,0.124654954,48.49077707,18648115.59,11587401.71,Earth
2001685,2001685,1685 Toro (1948 OA),Toro,1685,http://ssd.jpl.nasa.gov/sbdb.cgi?sstr=2001685,14.33,3.618719966,8.091703836,3618.719966,8091.703835,2.248567644,5.027950104,11872.44121,26547.58561,FALSE,2/4/1944,1944-Feb-04 20:00,-8.17531E+11,24.75910856,89132.7908,55383.64993,0.418196591,162.678474,62561319.28,38873801.2,Earth
2001685,2001685,1685 Toro (1948 OA),Toro,1685,http://ssd.jpl.nasa.gov/sbdb.cgi?sstr=2001685,14.33,3.618719966,8.091703836,3618.719966,8091.703835,2.248567644,5.027950104,11872.44121,26547.58561,FALSE,8/10/1948,1948-Aug-10 00:22,-6.75128E+11,13.09717033,47149.8132,29297.06032,0.123647515,48.09888318,18497404.81,11493754.38,Earth
2001685,2001685,1685 Toro (1948 OA),Toro,1685,http://ssd.jpl.nasa.gov/sbdb.cgi?sstr=2001685,14.33,3.618719966,8.091703836,3618.719966,8091.703835,2.248567644,5.027950104,11872.44121,26547.58561,FALSE,2/5/1952,1952-Feb-05 00:55,-5.65053E+11,24.82633662,89374.81182,55534.03238,0.420154366,163.4400485,62854198.28,39055787.77,Earth
2001685,2001685,1685 Toro (1948 OA),Toro,1685,http://ssd.jpl.nasa.gov/sbdb.cgi?sstr=2001685,14.33,3.618719966,8.091703836,3618.719966,8091.703835,2.248567644,5.027950104,11872.44121,26547.58561,FALSE,8/9/1956,1956-Aug-09 20:36,-4.22681E+11,13.19631352,47506.72869,29518.83372,0.124378947,48.38341027,18606825.5,11561745.24,Earth
2001685,2001685,1685 Toro (1948 OA),Toro,1685,http://ssd.jpl.nasa.gov/sbdb.cgi?sstr=2001685,14.33,3.618719966,8.091703836,3618.719966,8091.703835,2.248567644,5.027950104,11872.44121,26547.58561,FALSE,2/4/1960,1960-Feb-04 21:41,-3.12604E+11,24.68803772,88876.93579,55224.67157,0.415648134,161.6871242,62180075.53,38636907.32,Earth
2001685,2001685,1685 Toro (1948 OA),Toro,1685,http://ssd.jpl.nasa.gov/sbdb.cgi?sstr=2001685,14.33,3.618719966,8.091703836,3618.719966,8091.703835,2.248567644,5.027950104,11872.44121,26547.58561,FALSE,8/9/1964,1964-Aug-09 09:15,-1.70261E+11,13.48234456,48536.44043,30158.65655,0.127080422,49.43428416,19010960.45,11812863.05,Earth
2001685,2001685,1685 Toro (1948 OA),Toro,1685,http://ssd.jpl.nasa.gov/sbdb.cgi?sstr=2001685,14.33,3.618719966,8.091703836,3618.719966,8091.703835,2.248567644,5.027950104,11872.44121,26547.58561,FALSE,2/4/1968,1968-Feb-04 03:24,-60208560000,24.21412962,87170.86664,54164.58655,0.400092052,155.6358081,59852918.72,37190879.13,Earth
2001685,2001685,1685 Toro (1948 OA),Toro,1685,http://ssd.jpl.nasa.gov/sbdb.cgi?sstr=2001685,14.33,3.618719966,8.091703836,3618.719966,8091.703835,2.248567644,5.027950104,11872.44121,26547.58561,FALSE,8/8/1972,1972-Aug-08 07:30,82107000000,14.11387127,50809.93658,31571.31865,0.135499651,52.70936432,20270459.21,12595479.29,Earth
2001685,2001685,1685 Toro (1948 OA),Toro,1685,http://ssd.jpl.nasa.gov/sbdb.cgi?sstr=2001685,14.33,3.618719966,8.091703836,3618.719966,8091.703835,2.248567644,5.027950104,11872.44121,26547.58561,FALSE,2/2/1976,1976-Feb-02 20:54,1.92142E+11,23.39964672,84238.7282,52342.66975,0.372858166,145.0418264,55778787.37,34659331.3,Earth
2001685,2001685,1685 Toro (1948 OA),Toro,1685,http://ssd.jpl.nasa.gov/sbdb.cgi?sstr=2001685,14.33,3.618719966,8.091703836,3618.719966,8091.703835,2.248567644,5.027950104,11872.44121,26547.58561,FALSE,8/6/1980,1980-Aug-06 12:33,3.34413E+11,15.11557597,54416.07349,33812.03189,0.1538745,59.85718058,23019297.48,14303528.19,Earth
2001685,2001685,1685 Toro (1948 OA),Toro,1685,http://ssd.jpl.nasa.gov/sbdb.cgi?sstr=2001685,14.33,3.618719966,8.091703836,3618.719966,8091.703835,2.248567644,5.027950104,11872.44121,26547.58561,FALSE,2/1/1984,1984-Feb-01 02:07,4.44449E+11,22.30011007,80280.39624,49883.11621,0.336570661,130.9259873,50350254.05,31286197.11,Earth
2001685,2001685,1685 Toro (1948 OA),Toro,1685,http://ssd.jpl.nasa.gov/sbdb.cgi?sstr=2001685,14.33,3.618719966,8.091703836,3618.719966,8091.703835,2.248567644,5.027950104,11872.44121,26547.58561,FALSE,8/4/1988,1988-Aug-04 11:41,5.86698E+11,16.31593564,58737.3683,36497.11643,0.182568729,71.01923574,27311893.05,16970823.39,Earth
2001685,2001685,1685 Toro (1948 OA),Toro,1685,http://ssd.jpl.nasa.gov/sbdb.cgi?sstr=2001685,14.33,3.618719966,8.091703836,3618.719966,8091.703835,2.248567644,5.027950104,11872.44121,26547.58561,FALSE,1/29/1992,1992-Jan-29 17:15,6.96705E+11,20.91841852,75306.30666,46792.41038,0.290855199,113.1426725,43511318.29,27036679.48,Earth
2001685,2001685,1685 Toro (1948 OA),Toro,1685,http://ssd.jpl.nasa.gov/sbdb.cgi?sstr=2001685,14.33,3.618719966,8.091703836,3618.719966,8091.703835,2.248567644,5.027950104,11872.44121,26547.58561,FALSE,8/2/1996,1996-Aug-02 05:33,8.38964E+11,17.67716321,63637.78757,39542.04639,0.220754293,85.87341978,33024371.95,20520393.19,Earth
2001685,2001685,1685 Toro (1948 OA),Toro,1685,http://ssd.jpl.nasa.gov/sbdb.cgi?sstr=2001685,14.33,3.618719966,8.091703836,3618.719966,8091.703835,2.248567644,5.027950104,11872.44121,26547.58561,FALSE,1/27/2000,2000-Jan-27 05:40,9.48952E+11,19.47631949,70114.75016,43566.57906,0.242549503,94.35175682,36284889.08,22546384.58,Earth
2001685,2001685,1685 Toro (1948 OA),Toro,1685,http://ssd.jpl.nasa.gov/sbdb.cgi?sstr=2001685,14.33,3.618719966,8.091703836,3618.719966,8091.703835,2.248567644,5.027950104,11872.44121,26547.58561,FALSE,7/30/2004,2004-Jul-30 20:31,1.09122E+12,19.09512444,68742.44797,42713.88385,0.263374177,102.4525549,39400215.92,24482158.92,Earth
2001685,2001685,1685 Toro (1948 OA),Toro,1685,http://ssd.jpl.nasa.gov/sbdb.cgi?sstr=2001685,14.33,3.618719966,8.091703836,3618.719966,8091.703835,2.248567644,5.027950104,11872.44121,26547.58561,FALSE,1/24/2008,2008-Jan-24 16:04,1.20119E+12,18.08662398,65111.84634,40457.96919,0.196341283,76.37675901,29372237.7,18251062.19,Earth
2001685,2001685,1685 Toro (1948 OA),Toro,1685,http://ssd.jpl.nasa.gov/sbdb.cgi?sstr=2001685,14.33,3.618719966,8.091703836,3618.719966,8091.703835,2.248567644,5.027950104,11872.44121,26547.58561,FALSE,7/28/2012,2012-Jul-28 22:16,1.34351E+12,20.31474033,73133.06519,45442.04264,0.301705228,117.3633335,45134459.4,28045252.6,Earth
2001685,2001685,1685 Toro (1948 OA),Toro,1685,http://ssd.jpl.nasa.gov/sbdb.cgi?sstr=2001685,14.33,3.618719966,8.091703836,3618.719966,8091.703835,2.248567644,5.027950104,11872.44121,26547.58561,FALSE,1/22/2016,2016-Jan-22 07:07,1.45345E+12,16.88989171,60803.61017,37780.99878,0.156550026,60.89796019,23419550.47,14552233.86,Earth
2001685,2001685,1685 Toro (1948 OA),Toro,1685,http://ssd.jpl.nasa.gov/sbdb.cgi?sstr=2001685,14.33,3.618719966,8.091703836,3618.719966,8091.703835,2.248567644,5.027950104,11872.44121,26547.58561,FALSE,7/27/2020,2020-Jul-27 13:22,1.59586E+12,21.22271027,76401.75698,47473.08061,0.331160349,128.8213759,49540882.88,30783277.18,Earth
2001685,2001685,1685 Toro (1948 OA),Toro,1685,http://ssd.jpl.nasa.gov/sbdb.cgi?sstr=2001685,14.33,3.618719966,8.091703836,3618.719966,8091.703835,2.248567644,5.027950104,11872.44121,26547.58561,FALSE,1/20/2024,2024-Jan-20 20:46,1.70578E+12,16.17408823,58226.71763,36179.81796,0.133062927,51.7614786,19905930.46,12368971.63,Earth
2001685,2001685,1685 Toro (1948 OA),Toro,1685,http://ssd.jpl.nasa.gov/sbdb.cgi?sstr=2001685,14.33,3.618719966,8.091703836,3618.719966,8091.703835,2.248567644,5.027950104,11872.44121,26547.58561,FALSE,7/26/2028,2028-Jul-26 22:59,1.84827E+12,21.62986399,77867.51037,48383.84276,0.343925619,133.7870659,51450540.09,31969883.15,Earth
2001685,2001685,1685 Toro (1948 OA),Toro,1685,http://ssd.jpl.nasa.gov/sbdb.cgi?sstr=2001685,14.33,3.618719966,8.091703836,3618.719966,8091.703835,2.248567644,5.027950104,11872.44121,26547.58561,FALSE,1/20/2032,2032-Jan-20 14:44,1.95822E+12,16.03391613,57722.09807,35866.26699,0.128805569,50.1053665,19269038.83,11973225.52,Earth
2001685,2001685,1685 Toro (1948 OA),Toro,1685,http://ssd.jpl.nasa.gov/sbdb.cgi?sstr=2001685,14.33,3.618719966,8.091703836,3618.719966,8091.703835,2.248567644,5.027950104,11872.44121,26547.58561,FALSE,7/27/2036,2036-Jul-27 08:28,2.10076E+12,21.47881649,77323.73936,48045.9646,0.339157967,131.9324492,50737309.47,31526702.19,Earth
2001685,2001685,1685 Toro (1948 OA),Toro,1685,http://ssd.jpl.nasa.gov/sbdb.cgi?sstr=2001685,14.33,3.618719966,8.091703836,3618.719966,8091.703835,2.248567644,5.027950104,11872.44121,26547.58561,FALSE,1/21/2040,2040-Jan-21 07:02,2.21074E+12,16.33078706,58790.8334,36530.33757,0.138354503,53.81990155,20697538.91,12860854.31,Earth
2001685,2001685,1685 Toro (1948 OA),Toro,1685,http://ssd.jpl.nasa.gov/sbdb.cgi?sstr=2001685,14.33,3.618719966,8.091703836,3618.719966,8091.703835,2.248567644,5.027950104,11872.44121,26547.58561,FALSE,7/28/2044,2044-Jul-28 10:57,2.35332E+12,20.88197545,75175.11161,46710.89088,0.320399212,124.6352936,47931039.71,29782967.02,Earth
2001685,2001685,1685 Toro (1948 OA),Toro,1685,http://ssd.jpl.nasa.gov/sbdb.cgi?sstr=2001685,14.33,3.618719966,8.091703836,3618.719966,8091.703835,2.248567644,5.027950104,11872.44121,26547.58561,FALSE,1/23/2048,2048-Jan-23 02:54,2.46336E+12,17.15815502,61769.35807,38381.07696,0.165352521,64.32213075,24736384.97,15370476.88,Earth
2001685,2001685,1685 Toro (1948 OA),Toro,1685,http://ssd.jpl.nasa.gov/sbdb.cgi?sstr=2001685,14.33,3.618719966,8.091703836,3618.719966,8091.703835,2.248567644,5.027950104,11872.44121,26547.58561,FALSE,7/30/2052,2052-Jul-30 02:22,2.60592E+12,19.92006131,71712.22072,44559.18515,0.289718901,112.7006525,43341330.49,26931053.96,Earth
2001685,2001685,1685 Toro (1948 OA),Toro,1685,http://ssd.jpl.nasa.gov/sbdb.cgi?sstr=2001685,14.33,3.618719966,8.091703836,3618.719966,8091.703835,2.248567644,5.027950104,11872.44121,26547.58561,FALSE,1/25/2056,2056-Jan-25 10:22,2.71602E+12,18.29926999,65877.37195,40933.63703,0.20343012,79.13431672,30432712.66,18910010.78,Earth
2001685,2001685,1685 Toro (1948 OA),Toro,1685,http://ssd.jpl.nasa.gov/sbdb.cgi?sstr=2001685,14.33,3.618719966,8.091703836,3618.719966,8091.703835,2.248567644,5.027950104,11872.44121,26547.58561,FALSE,8/1/2060,2060-Aug-01 05:47,2.85856E+12,18.71723827,67382.05777,41868.59029,0.25295851,98.4008602,37842054.22,23513962.14,Earth
2001685,2001685,1685 Toro (1948 OA),Toro,1685,http://ssd.jpl.nasa.gov/sbdb.cgi?sstr=2001685,14.33,3.618719966,8.091703836,3618.719966,8091.703835,2.248567644,5.027950104,11872.44121,26547.58561,FALSE,1/27/2064,2064-Jan-27 18:31,2.96868E+12,19.50552339,70219.8842,43631.90527,0.243546655,94.73964876,36434060.82,22639075.6,Earth
2001685,2001685,1685 Toro (1948 OA),Toro,1685,http://ssd.jpl.nasa.gov/sbdb.cgi?sstr=2001685,14.33,3.618719966,8.091703836,3618.719966,8091.703835,2.248567644,5.027950104,11872.44121,26547.58561,FALSE,8/3/2068,2068-Aug-03 07:46,3.11121E+12,17.52934173,63105.63021,39211.3845,0.218316636,84.92517133,32659703.7,20293798.84,Earth
2001685,2001685,1685 Toro (1948 OA),Toro,1685,http://ssd.jpl.nasa.gov/sbdb.cgi?sstr=2001685,14.33,3.618719966,8.091703836,3618.719966,8091.703835,2.248567644,5.027950104,11872.44121,26547.58561,FALSE,1/30/2072,2072-Jan-30 03:28,3.22135E+12,20.7376099,74655.39564,46387.95959,0.284719198,110.7557678,42593385.49,26466302.49,Earth
2001685,2001685,1685 Toro (1948 OA),Toro,1685,http://ssd.jpl.nasa.gov/sbdb.cgi?sstr=2001685,14.33,3.618719966,8.091703836,3618.719966,8091.703835,2.248567644,5.027950104,11872.44121,26547.58561,FALSE,8/5/2076,2076-Aug-05 03:07,3.36382E+12,16.50148527,59405.34698,36912.17241,0.18982052,73.84018224,28396745.46,17644919.42,Earth
2001685,2001685,1685 Toro (1948 OA),Toro,1685,http://ssd.jpl.nasa.gov/sbdb.cgi?sstr=2001685,14.33,3.618719966,8.091703836,3618.719966,8091.703835,2.248567644,5.027950104,11872.44121,26547.58561,FALSE,1/31/2080,2080-Jan-31 20:47,3.47396E+12,21.67219424,78019.89927,48478.5313,0.316357382,123.0630215,47326390.46,29407255.4,Earth
2001685,2001685,1685 Toro (1948 OA),Toro,1685,http://ssd.jpl.nasa.gov/sbdb.cgi?sstr=2001685,14.33,3.618719966,8.091703836,3618.719966,8091.703835,2.248567644,5.027950104,11872.44121,26547.58561,FALSE,8/6/2084,2084-Aug-06 10:11,3.6164E+12,15.8249158,56969.69688,35398.75415,0.173146922,67.35415246,25902410.65,16095011.64,Earth
2001685,2001685,1685 Toro (1948 OA),Toro,1685,http://ssd.jpl.nasa.gov/sbdb.cgi?sstr=2001685,14.33,3.618719966,8.091703836,3618.719966,8091.703835,2.248567644,5.027950104,11872.44121,26547.58561,FALSE,2/1/2088,2088-Feb-01 18:09,3.7265E+12,22.12846597,79662.47751,49499.16554,0.331395419,128.9128181,49576048.84,30805128.3,Earth
2001685,2001685,1685 Toro (1948 OA),Toro,1685,http://ssd.jpl.nasa.gov/sbdb.cgi?sstr=2001685,14.33,3.618719966,8.091703836,3618.719966,8091.703835,2.248567644,5.027950104,11872.44121,26547.58561,FALSE,8/6/2092,2092-Aug-06 19:22,3.86889E+12,15.64568866,56324.47916,34997.84095,0.169169528,65.80694624,25307401,15725289.79,Earth
2001685,2001685,1685 Toro (1948 OA),Toro,1685,http://ssd.jpl.nasa.gov/sbdb.cgi?sstr=2001685,14.33,3.618719966,8.091703836,3618.719966,8091.703835,2.248567644,5.027950104,11872.44121,26547.58561,FALSE,2/1/2096,2096-Feb-01 21:28,3.97897E+12,22.14118168,79708.25404,49527.60929,0.331995334,129.146185,49665794.85,30860893.88,Earth
2001685,2001685,1685 Toro (1948 OA),Toro,1685,http://ssd.jpl.nasa.gov/sbdb.cgi?sstr=2001685,14.33,3.618719966,8.091703836,3618.719966,8091.703835,2.248567644,5.027950104,11872.44121,26547.58561,FALSE,8/7/2100,2100-Aug-07 07:27,4.12131E+12,15.95078943,57422.84195,35680.32088,0.176226841,68.55224107,26363160.02,16381308.03,Earth
2001685,2001685,1685 Toro (1948 OA),Toro,1685,http://ssd.jpl.nasa.gov/sbdb.cgi?sstr=2001685,14.33,3.618719966,8.091703836,3618.719966,8091.703835,2.248567644,5.027950104,11872.44121,26547.58561,FALSE,2/2/2104,2104-Feb-02 00:46,4.23136E+12,21.61869802,77827.31288,48358.86561,0.314881597,122.4889411,47105616.15,29270072.61,Earth
2001685,2001685,1685 Toro (1948 OA),Toro,1685,http://ssd.jpl.nasa.gov/sbdb.cgi?sstr=2001685,14.33,3.618719966,8.091703836,3618.719966,8091.703835,2.248567644,5.027950104,11872.44121,26547.58561,FALSE,8/6/2108,2108-Aug-06 00:25,4.37366E+12,16.77003915,60372.14095,37512.90058,0.197721172,76.91353571,29578666.11,18379330.86,Earth
2001685,2001685,1685 Toro (1948 OA),Toro,1685,http://ssd.jpl.nasa.gov/sbdb.cgi?sstr=2001685,14.33,3.618719966,8.091703836,3618.719966,8091.703835,2.248567644,5.027950104,11872.44121,26547.58561,FALSE,1/31/2112,2112-Jan-31 03:40,4.48365E+12,20.51074299,73838.67478,45880.481,0.277904692,108.1049251,41573949.96,25832854.62,Earth
2001685,2001685,1685 Toro (1948 OA),Toro,1685,http://ssd.jpl.nasa.gov/sbdb.cgi?sstr=2001685,14.33,3.618719966,8.091703836,3618.719966,8091.703835,2.248567644,5.027950104,11872.44121,26547.58561,FALSE,8/3/2116,2116-Aug-03 20:11,4.62593E+12,18.07310589,65063.18121,40427.73057,0.234528827,91.23171355,35085012.91,21800816.11,Earth
2001685,2001685,1685 Toro (1948 OA),Toro,1685,http://ssd.jpl.nasa.gov/sbdb.cgi?sstr=2001685,14.33,3.618719966,8.091703836,3618.719966,8091.703835,2.248567644,5.027950104,11872.44121,26547.58561,FALSE,1/28/2120,2120-Jan-28 15:03,4.7359E+12,19.06746457,68642.87244,42652.01149,0.230430047,89.63728809,34471844.14,21419810.7,Earth
2001685,2001685,1685 Toro (1948 OA),Toro,1685,http://ssd.jpl.nasa.gov/sbdb.cgi?sstr=2001685,14.33,3.618719966,8.091703836,3618.719966,8091.703835,2.248567644,5.027950104,11872.44121,26547.58561,FALSE,8/1/2124,2124-Aug-01 07:55,4.87817E+12,19.59677041,70548.37349,43836.01574,0.280465634,109.1011314,41957061.38,26070909.02,Earth
2001685,2001685,1685 Toro (1948 OA),Toro,1685,http://ssd.jpl.nasa.gov/sbdb.cgi?sstr=2001685,14.33,3.618719966,8.091703836,3618.719966,8091.703835,2.248567644,5.027950104,11872.44121,26547.58561,FALSE,1/25/2128,2128-Jan-25 11:42,4.98809E+12,17.42212326,62719.64373,38971.54751,0.176511818,68.66309736,26405792.06,16407798.35,Earth
2001685,2001685,1685 Toro (1948 OA),Toro,1685,http://ssd.jpl.nasa.gov/sbdb.cgi?sstr=2001685,14.33,3.618719966,8.091703836,3618.719966,8091.703835,2.248567644,5.027950104,11872.44121,26547.58561,FALSE,7/29/2132,2132-Jul-29 21:13,5.13042E+12,21.13714402,76093.71847,47281.67746,0.329712199,128.2580453,49324242.62,30648663.17,Earth
2001685,2001685,1685 Toro (1948 OA),Toro,1685,http://ssd.jpl.nasa.gov/sbdb.cgi?sstr=2001685,14.33,3.618719966,8.091703836,3618.719966,8091.703835,2.248567644,5.027950104,11872.44121,26547.58561,FALSE,1/22/2136,2136-Jan-22 07:01,5.24027E+12,15.86435523,57111.67882,35486.97621,0.125839106,48.95141212,18825262.18,11697475.5,Earth
2001685,2001685,1685 Toro (1948 OA),Toro,1685,http://ssd.jpl.nasa.gov/sbdb.cgi?sstr=2001685,14.33,3.618719966,8.091703836,3618.719966,8091.703835,2.248567644,5.027950104,11872.44121,26547.58561,FALSE,7/27/2140,2140-Jul-27 17:46,5.3827E+12,22.47535797,80911.2887,50275.12825,0.373189372,145.1706656,55828335.13,34690118.85,Earth
2001685,2001685,1685 Toro (1948 OA),Toro,1685,http://ssd.jpl.nasa.gov/sbdb.cgi?sstr=2001685,14.33,3.618719966,8.091703836,3618.719966,8091.703835,2.248567644,5.027950104,11872.44121,26547.58561,FALSE,1/19/2144,2144-Jan-19 14:30,5.4925E+12,14.68949623,52882.18644,32858.93413,0.090306867,35.12937126,13509714.95,8394547.609,Earth
2001685,2001685,1685 Toro (1948 OA),Toro,1685,http://ssd.jpl.nasa.gov/sbdb.cgi?sstr=2001685,14.33,3.618719966,8.091703836,3618.719966,8091.703835,2.248567644,5.027950104,11872.44121,26547.58561,FALSE,7/26/2148,2148-Jul-26 10:53,5.63505E+12,23.32301578,83962.85681,52171.254,0.400614357,155.838985,59931054.56,37239430.49,Earth
2001685,2001685,1685 Toro (1948 OA),Toro,1685,http://ssd.jpl.nasa.gov/sbdb.cgi?sstr=2001685,14.33,3.618719966,8.091703836,3618.719966,8091.703835,2.248567644,5.027950104,11872.44121,26547.58561,FALSE,1/18/2152,2152-Jan-18 00:59,5.74483E+12,14.07432994,50667.58779,31482.86864,0.074021233,28.79425979,11073418.85,6880703.412,Earth
2001685,2001685,1685 Toro (1948 OA),Toro,1685,http://ssd.jpl.nasa.gov/sbdb.cgi?sstr=2001685,14.33,3.618719966,8.091703836,3618.719966,8091.703835,2.248567644,5.027950104,11872.44121,26547.58561,FALSE,7/26/2156,2156-Jul-26 06:08,5.88749E+12,23.54455131,84760.38472,52666.80683,0.408394079,158.8652965,61094884.26,37962600.73,Earth
2001685,2001685,1685 Toro (1948 OA),Toro,1685,http://ssd.jpl.nasa.gov/sbdb.cgi?sstr=2001685,14.33,3.618719966,8.091703836,3618.719966,8091.703835,2.248567644,5.027950104,11872.44121,26547.58561,FALSE,1/18/2160,2160-Jan-18 06:26,5.99731E+12,14.13248346,50876.94047,31612.95226,0.075402453,29.33155406,11280046.3,7009095.756,Earth
2001685,2001685,1685 Toro (1948 OA),Toro,1685,http://ssd.jpl.nasa.gov/sbdb.cgi?sstr=2001685,14.33,3.618719966,8.091703836,3618.719966,8091.703835,2.248567644,5.027950104,11872.44121,26547.58561,FALSE,7/27/2164,2164-Jul-27 03:03,6.14003E+12,23.0667418,83040.27048,51597.99473,0.392826172,152.8093808,58765958.58,36515473.42,Earth
2001685,2001685,1685 Toro (1948 OA),Toro,1685,http://ssd.jpl.nasa.gov/sbdb.cgi?sstr=2001685,14.33,3.618719966,8.091703836,3618.719966,8091.703835,2.248567644,5.027950104,11872.44121,26547.58561,FALSE,1/20/2168,2168-Jan-20 08:06,6.24995E+12,14.92181581,53718.53691,33378.60978,0.097305461,37.85182441,14556689.73,9045107.574,Earth
2001685,2001685,1685 Toro (1948 OA),Toro,1685,http://ssd.jpl.nasa.gov/sbdb.cgi?sstr=2001685,14.33,3.618719966,8.091703836,3618.719966,8091.703835,2.248567644,5.027950104,11872.44121,26547.58561,FALSE,10/20/2170,2170-Oct-20 11:44,6.3367E+12,10.93325476,39359.71715,24456.59758,0.080739664,31.40772937,12078481.79,7505220.562,Mars
2001685,2001685,1685 Toro (1948 OA),Toro,1685,http://ssd.jpl.nasa.gov/sbdb.cgi?sstr=2001685,14.33,3.618719966,8.091703836,3618.719966,8091.703835,2.248567644,5.027950104,11872.44121,26547.58561,FALSE,7/28/2172,2172-Jul-28 22:59,6.39265E+12,22.01843107,79266.35186,49253.02846,0.358718646,139.5415533,53663545.37,33344980.87,Earth
2001685,2001685,1685 Toro (1948 OA),Toro,1685,http://ssd.jpl.nasa.gov/sbdb.cgi?sstr=2001685,14.33,3.618719966,8.091703836,3618.719966,8091.703835,2.248567644,5.027950104,11872.44121,26547.58561,FALSE,1/23/2176,2176-Jan-23 02:22,6.50265E+12,16.10018182,57960.65454,36014.4967,0.13371399,52.01474195,20003328.03,12429491.68,Earth
2001685,2001685,1685 Toro (1948 OA),Toro,1685,http://ssd.jpl.nasa.gov/sbdb.cgi?sstr=2001685,14.33,3.618719966,8.091703836,3618.719966,8091.703835,2.248567644,5.027950104,11872.44121,26547.58561,FALSE,7/31/2180,2180-Jul-31 03:19,6.6453E+12,20.773782,74785.61522,46468.87297,0.319478926,124.2773021,47793366.81,29697421.05,Earth
2001685,2001685,1685 Toro (1948 OA),Toro,1685,http://ssd.jpl.nasa.gov/sbdb.cgi?sstr=2001685,14.33,3.618719966,8.091703836,3618.719966,8091.703835,2.248567644,5.027950104,11872.44121,26547.58561,FALSE,1/26/2184,2184-Jan-26 00:00,6.75536E+12,17.42372382,62725.40575,38975.12781,0.176581288,68.69012095,26416184.54,16414255.93,Earth
2001685,2001685,1685 Toro (1948 OA),Toro,1685,http://ssd.jpl.nasa.gov/sbdb.cgi?sstr=2001685,14.33,3.618719966,8.091703836,3618.719966,8091.703835,2.248567644,5.027950104,11872.44121,26547.58561,FALSE,8/2/2188,2188-Aug-02 05:39,6.89794E+12,19.54165182,70349.94655,43712.72095,0.280882749,109.2633895,42019461.03,26109682.36,Earth
2001685,2001685,1685 Toro (1948 OA),Toro,1685,http://ssd.jpl.nasa.gov/sbdb.cgi?sstr=2001685,14.33,3.618719966,8.091703836,3618.719966,8091.703835,2.248567644,5.027950104,11872.44121,26547.58561,FALSE,1/28/2192,2192-Jan-28 11:37,7.00803E+12,18.64425922,67119.33319,41705.34345,0.217341281,84.54575811,32513792.63,20203133.91,Earth
2001685,2001685,1685 Toro (1948 OA),Toro,1685,http://ssd.jpl.nasa.gov/sbdb.cgi?sstr=2001685,14.33,3.618719966,8.091703836,3618.719966,8091.703835,2.248567644,5.027950104,11872.44121,26547.58561,FALSE,8/2/2193,2193-Aug-02 00:06,7.05568E+12,8.683099781,31259.15921,19423.2259,0.137527786,53.49830891,20573863.91,12784006.23,Venus
2001685,2001685,1685 Toro (1948 OA),Toro,1685,http://ssd.jpl.nasa.gov/sbdb.cgi?sstr=2001685,14.33,3.618719966,8.091703836,3618.719966,8091.703835,2.248567644,5.027950104,11872.44121,26547.58561,FALSE,8/4/2196,2196-Aug-04 00:42,7.15055E+12,18.53213767,66715.6956,41454.53874,0.250313993,97.37214316,37446440.14,23268138.94,Earth
2001685,2001685,1685 Toro (1948 OA),Toro,1685,http://ssd.jpl.nasa.gov/sbdb.cgi?sstr=2001685,14.33,3.618719966,8.091703836,3618.719966,8091.703835,2.248567644,5.027950104,11872.44121,26547.58561,FALSE,1/30/2200,2200-Jan-30 03:34,7.26064E+12,19.49051418,70165.85105,43598.33117,0.245628965,95.54966735,36745569.96,22832638.41,Earth
2001862,2001862,1862 Apollo (1932 HA),Apollo,1862,http://ssd.jpl.nasa.gov/sbdb.cgi?sstr=2001862,16.1,1.60160338,3.58129403,1601.60338,3581.29403,0.995189894,2.225312253,5254.604433,11749.65271,TRUE,10/6/1905,1905-Oct-06 20:28,-2.02713E+12,12.31188395,44322.78221,27540.4532,0.267036804,103.8773166,39948137.03,24822621.31,Earth
2001862,2001862,1862 Apollo (1932 HA),Apollo,1862,http://ssd.jpl.nasa.gov/sbdb.cgi?sstr=2001862,16.1,1.60160338,3.58129403,1601.60338,3581.29403,0.995189894,2.225312253,5254.604433,11749.65271,TRUE,4/29/1907,1907-Apr-29 12:34,-1.97791E+12,24.28641697,87431.10109,54326.28612,0.23947183,93.15454203,35824475.75,22260297.01,Earth
2001862,2001862,1862 Apollo (1932 HA),Apollo,1862,http://ssd.jpl.nasa.gov/sbdb.cgi?sstr=2001862,16.1,1.60160338,3.58129403,1601.60338,3581.29403,0.995189894,2.225312253,5254.604433,11749.65271,TRUE,1/29/1911,1911-Jan-29 19:12,-1.85943E+12,11.64071549,41906.57578,26039.11649,0.065775022,25.58648344,9839803.146,6114170.157,Venus
2001862,2001862,1862 Apollo (1932 HA),Apollo,1862,http://ssd.jpl.nasa.gov/sbdb.cgi?sstr=2001862,16.1,1.60160338,3.58129403,1601.60338,3581.29403,0.995189894,2.225312253,5254.604433,11749.65271,TRUE,8/20/1914,1914-Aug-20 00:36,-1.74727E+12,16.78598257,60429.53726,37548.56441,0.37338082,145.2451388,55856975.3,34707915.02,Earth
2001862,2001862,1862 Apollo (1932 HA),Apollo,1862,http://ssd.jpl.nasa.gov/sbdb.cgi?sstr=2001862,16.1,1.60160338,3.58129403,1601.60338,3581.29403,0.995189894,2.225312253,5254.604433,11749.65271,TRUE,11/28/1921,1921-Nov-28 19:59,-1.51763E+12,28.1572084,101365.9502,62984.85946,0.361512003,140.6281692,54081425.66,33604639.64,Earth
2001862,2001862,1862 Apollo (1932 HA),Apollo,1862,http://ssd.jpl.nasa.gov/sbdb.cgi?sstr=2001862,16.1,1.60160338,3.58129403,1601.60338,3581.29403,0.995189894,2.225312253,5254.604433,11749.65271,TRUE,7/5/1923,1923-Jul-05 12:05,-1.4672E+12,14.03685613,50532.68206,31399.04347,0.329698796,128.2528316,49322237.61,30647417.31,Earth
2001862,2001862,1862 Apollo (1932 HA),Apollo,1862,http://ssd.jpl.nasa.gov/sbdb.cgi?sstr=2001862,16.1,1.60160338,3.58129403,1601.60338,3581.29403,0.995189894,2.225312253,5254.604433,11749.65271,TRUE,9/25/1930,1930-Sep-25 20:53,-1.23916E+12,11.64964168,41938.71003,26059.08346,0.086290145,33.56686625,12908821.83,8021169.941,Venus
2001862,2001862,1862 Apollo (1932 HA),Apollo,1862,http://ssd.jpl.nasa.gov/sbdb.cgi?sstr=2001862,16.1,1.60160338,3.58129403,1601.60338,3581.29403,0.995189894,2.225312253,5254.604433,11749.65271,TRUE,11/11/1930,1930-Nov-11 22:54,-1.23509E+12,17.78319596,64019.50547,39779.23105,0.028267359,10.99600253,4228736.652,2627615.111,Earth
2001862,2001862,1862 Apollo (1932 HA),Apollo,1862,http://ssd.jpl.nasa.gov/sbdb.cgi?sstr=2001862,16.1,1.60160338,3.58129403,1601.60338,3581.29403,0.995189894,2.225312253,5254.604433,11749.65271,TRUE,5/15/1932,1932-May-15 03:59,-1.18755E+12,15.29306567,55055.03642,34209.0586,0.07500334,29.1762993,11220339.92,6971995.932,Earth
2001862,2001862,1862 Apollo (1932 HA),Apollo,1862,http://ssd.jpl.nasa.gov/sbdb.cgi?sstr=2001862,16.1,1.60160338,3.58129403,1601.60338,3581.29403,0.995189894,2.225312253,5254.604433,11749.65271,TRUE,10/14/1939,1939-Oct-14 15:34,-9.53541E+11,11.81045157,42517.62567,26418.79913,0.24243068,94.30553452,36267113.35,22535339.26,Earth
2001862,2001862,1862 Apollo (1932 HA),Apollo,1862,http://ssd.jpl.nasa.gov/sbdb.cgi?sstr=2001862,16.1,1.60160338,3.58129403,1601.60338,3581.29403,0.995189894,2.225312253,5254.604433,11749.65271,TRUE,5/1/1941,1941-May-01 09:44,-9.04746E+11,23.03185026,82914.66093,51519.94585,0.198457401,77.19992891,29688804.45,18447767.65,Earth
2001862,2001862,1862 Apollo (1932 HA),Apollo,1862,http://ssd.jpl.nasa.gov/sbdb.cgi?sstr=2001862,16.1,1.60160338,3.58129403,1601.60338,3581.29403,0.995189894,2.225312253,5254.604433,11749.65271,TRUE,7/2/1946,1946-Jul-02 17:04,-7.41596E+11,11.64791683,41932.50059,26055.22516,0.050659667,19.70661062,7578578.338,4709110.215,Mars
2001862,2001862,1862 Apollo (1932 HA),Apollo,1862,http://ssd.jpl.nasa.gov/sbdb.cgi?sstr=2001862,16.1,1.60160338,3.58129403,1601.60338,3581.29403,0.995189894,2.225312253,5254.604433,11749.65271,TRUE,8/30/1948,1948-Aug-30 06:42,-6.73377E+11,16.27061847,58574.22649,36395.74645,0.361872866,140.7685447,54135409.9,33638183.89,Earth
2001862,2001862,1862 Apollo (1932 HA),Apollo,1862,http://ssd.jpl.nasa.gov/sbdb.cgi?sstr=2001862,16.1,1.60160338,3.58129403,1601.60338,3581.29403,0.995189894,2.225312253,5254.604433,11749.65271,TRUE,4/18/1950,1950-Apr-18 20:49,-6.21832E+11,31.14128954,112108.6423,69659.95057,0.466916107,181.6303654,69849655,43402563.01,Earth
2001862,2001862,1862 Apollo (1932 HA),Apollo,1862,http://ssd.jpl.nasa.gov/sbdb.cgi?sstr=2001862,16.1,1.60160338,3.58129403,1601.60338,3581.29403,0.995189894,2.225312253,5254.604433,11749.65271,TRUE,6/26/1950,1950-Jun-26 15:50,-6.15889E+11,13.52209803,48679.55292,30247.58109,0.009947015,3.869388641,1488052.182,924632.7501,Venus
2001862,2001862,1862 Apollo (1932 HA),Apollo,1862,http://ssd.jpl.nasa.gov/sbdb.cgi?sstr=2001862,16.1,1.60160338,3.58129403,1601.60338,3581.29403,0.995189894,2.225312253,5254.604433,11749.65271,TRUE,11/28/1955,1955-Nov-28 19:53,-4.44716E+11,27.65863371,99571.08134,61869.59774,0.3455829,134.4317481,51698465.76,32123937.02,Earth
2001862,2001862,1862 Apollo (1932 HA),Apollo,1862,http://ssd.jpl.nasa.gov/sbdb.cgi?sstr=2001862,16.1,1.60160338,3.58129403,1601.60338,3581.29403,0.995189894,2.225312253,5254.604433,11749.65271,TRUE,6/26/1957,1957-Jun-26 18:32,-3.94954E+11,12.96669637,46680.10693,29005.20311,0.308258229,119.912451,46114774.42,28654392.1,Earth
2001862,2001862,1862 Apollo (1932 HA),Apollo,1862,http://ssd.jpl.nasa.gov/sbdb.cgi?sstr=2001862,16.1,1.60160338,3.58129403,1601.60338,3581.29403,0.995189894,2.225312253,5254.604433,11749.65271,TRUE,10/26/1964,1964-Oct-26 03:51,-1.63541E+11,12.17173631,43818.25072,27226.95696,0.185430416,72.13243163,27739995.19,17236833.73,Earth
2001862,2001862,1862 Apollo (1932 HA),Apollo,1862,http://ssd.jpl.nasa.gov/sbdb.cgi?sstr=2001862,16.1,1.60160338,3.58129403,1601.60338,3581.29403,0.995189894,2.225312253,5254.604433,11749.65271,TRUE,5/2/1966,1966-May-02 02:58,-1.15765E+11,22.65786018,81568.29664,50683.36743,0.186319591,72.4783207,27873013.88,17319487.71,Earth
2001862,2001862,1862 Apollo (1932 HA),Apollo,1862,http://ssd.jpl.nasa.gov/sbdb.cgi?sstr=2001862,16.1,1.60160338,3.58129403,1601.60338,3581.29403,0.995189894,2.225312253,5254.604433,11749.65271,TRUE,4/15/1968,1968-Apr-15 18:27,-54019980000,11.63205286,41875.39029,26019.73904,0.069522719,27.04433773,10400450.69,6462540.389,Venus
2001862,2001862,1862 Apollo (1932 HA),Apollo,1862,http://ssd.jpl.nasa.gov/sbdb.cgi?sstr=2001862,16.1,1.60160338,3.58129403,1601.60338,3581.29403,0.995189894,2.225312253,5254.604433,11749.65271,TRUE,8/3/1973,1973-Aug-03 13:55,1.13234E+11,16.67621019,60034.35667,37303.01457,0.374836487,145.8113936,56074740.1,34843227.8,Earth
2001862,2001862,1862 Apollo (1932 HA),Apollo,1862,http://ssd.jpl.nasa.gov/sbdb.cgi?sstr=2001862,16.1,1.60160338,3.58129403,1601.60338,3581.29403,0.995189894,2.225312253,5254.604433,11749.65271,TRUE,11/13/1980,1980-Nov-13 17:15,3.42984E+11,18.77631723,67594.74201,42000.744,0.055481367,21.58225165,8299894.283,5157315.16,Earth
2001862,2001862,1862 Apollo (1932 HA),Apollo,1862,http://ssd.jpl.nasa.gov/sbdb.cgi?sstr=2001862,16.1,1.60160338,3.58129403,1601.60338,3581.29403,0.995189894,2.225312253,5254.604433,11749.65271,TRUE,5/14/1982,1982-May-14 17:13,3.90244E+11,15.80941086,56913.87911,35364.07116,0.058698136,22.83357494,8781116.134,5456332.552,Earth
2001862,2001862,1862 Apollo (1932 HA),Apollo,1862,http://ssd.jpl.nasa.gov/sbdb.cgi?sstr=2001862,16.1,1.60160338,3.58129403,1601.60338,3581.29403,0.995189894,2.225312253,5254.604433,11749.65271,TRUE,1/22/1986,1986-Jan-22 20:40,5.0681E+11,11.56539967,41635.4388,25870.64251,0.085279851,33.17386188,12757684,7927257.248,Venus
2001862,2001862,1862 Apollo (1932 HA),Apollo,1862,http://ssd.jpl.nasa.gov/sbdb.cgi?sstr=2001862,16.1,1.60160338,3.58129403,1601.60338,3581.29403,0.995189894,2.225312253,5254.604433,11749.65271,TRUE,9/10/1989,1989-Sep-10 14:31,6.21441E+11,15.32789503,55180.42211,34286.9684,0.34228048,133.1471068,51204430.77,31816957.91,Earth
2001862,2001862,1862 Apollo (1932 HA),Apollo,1862,http://ssd.jpl.nasa.gov/sbdb.cgi?sstr=2001862,16.1,1.60160338,3.58129403,1601.60338,3581.29403,0.995189894,2.225312253,5254.604433,11749.65271,TRUE,4/21/1991,1991-Apr-21 00:26,6.72194E+11,29.92733825,107738.4177,66944.46293,0.427862475,166.4385028,64007314.91,39772301.22,Earth
2001862,2001862,1862 Apollo (1932 HA),Apollo,1862,http://ssd.jpl.nasa.gov/sbdb.cgi?sstr=2001862,16.1,1.60160338,3.58129403,1601.60338,3581.29403,0.995189894,2.225312253,5254.604433,11749.65271,TRUE,12/1/1996,1996-Dec-01 09:29,8.49433E+11,29.64905781,106736.6081,66321.97741,0.41107147,159.9068019,61495416.36,38211479.84,Earth
2001862,2001862,1862 Apollo (1932 HA),Apollo,1862,http://ssd.jpl.nasa.gov/sbdb.cgi?sstr=2001862,16.1,1.60160338,3.58129403,1601.60338,3581.29403,0.995189894,2.225312253,5254.604433,11749.65271,TRUE,7/9/1998,1998-Jul-09 12:32,8.99988E+11,14.50837383,52230.14579,32453.78142,0.338813586,131.7984849,50685790.76,31494689.95,Earth
2001862,2001862,1862 Apollo (1932 HA),Apollo,1862,http://ssd.jpl.nasa.gov/sbdb.cgi?sstr=2001862,16.1,1.60160338,3.58129403,1601.60338,3581.29403,0.995189894,2.225312253,5254.604433,11749.65271,TRUE,12/2/2003,2003-Dec-02 16:05,1.07038E+12,11.65491562,41957.69622,26070.88074,0.089389322,34.77244626,13372452.17,8309256.474,Venus
2001862,2001862,1862 Apollo (1932 HA),Apollo,1862,http://ssd.jpl.nasa.gov/sbdb.cgi?sstr=2001862,16.1,1.60160338,3.58129403,1601.60338,3581.29403,0.995189894,2.225312253,5254.604433,11749.65271,TRUE,11/6/2005,2005-Nov-06 19:15,1.1313E+12,15.22884405,54823.83859,34065.40126,0.07524603,29.27070575,11256645.84,6994555.386,Earth
2001862,2001862,1862 Apollo (1932 HA),Apollo,1862,http://ssd.jpl.nasa.gov/sbdb.cgi?sstr=2001862,16.1,1.60160338,3.58129403,1601.60338,3581.29403,0.995189894,2.225312253,5254.604433,11749.65271,TRUE,5/8/2007,2007-May-08 15:18,1.17864E+12,19.17911406,69044.8106,42901.76023,0.071421684,27.78303504,10684531.78,6639060.193,Earth
2001862,2001862,1862 Apollo (1932 HA),Apollo,1862,http://ssd.jpl.nasa.gov/sbdb.cgi?sstr=2001862,16.1,1.60160338,3.58129403,1601.60338,3581.29403,0.995189894,2.225312253,5254.604433,11749.65271,TRUE,8/21/2014,2014-Aug-21 04:26,1.4086E+12,16.78358378,60420.90162,37543.19857,0.373143637,145.1528748,55821493.3,34685867.53,Earth
2001862,2001862,1862 Apollo (1932 HA),Apollo,1862,http://ssd.jpl.nasa.gov/sbdb.cgi?sstr=2001862,16.1,1.60160338,3.58129403,1601.60338,3581.29403,0.995189894,2.225312253,5254.604433,11749.65271,TRUE,9/18/2021,2021-Sep-18 13:57,1.63197E+12,11.87499618,42749.98626,26563.17896,0.069794653,27.15012013,10441131.47,6487818.252,Venus
2001862,2001862,1862 Apollo (1932 HA),Apollo,1862,http://ssd.jpl.nasa.gov/sbdb.cgi?sstr=2001862,16.1,1.60160338,3.58129403,1601.60338,3581.29403,0.995189894,2.225312253,5254.604433,11749.65271,TRUE,11/22/2021,2021-Nov-22 08:44,1.63757E+12,23.55457961,84796.48659,52689.23913,0.211619076,82.31982037,31657762.95,19671221.73,Earth
2001862,2001862,1862 Apollo (1932 HA),Apollo,1862,http://ssd.jpl.nasa.gov/sbdb.cgi?sstr=2001862,16.1,1.60160338,3.58129403,1601.60338,3581.29403,0.995189894,2.225312253,5254.604433,11749.65271,TRUE,5/30/2023,2023-May-30 10:16,1.68544E+12,11.41879873,41107.67541,25542.71087,0.212817606,82.78604889,31837060.62,19782632.13,Earth
2001862,2001862,1862 Apollo (1932 HA),Apollo,1862,http://ssd.jpl.nasa.gov/sbdb.cgi?sstr=2001862,16.1,1.60160338,3.58129403,1601.60338,3581.29403,0.995189894,2.225312253,5254.604433,11749.65271,TRUE,10/4/2030,2030-Oct-04 03:27,1.91731E+12,12.70710877,45745.59158,28424.53161,0.279358541,108.6704725,41791442.71,25967998.35,Earth
2001862,2001862,1862 Apollo (1932 HA),Apollo,1862,http://ssd.jpl.nasa.gov/sbdb.cgi?sstr=2001862,16.1,1.60160338,3.58129403,1601.60338,3581.29403,0.995189894,2.225312253,5254.604433,11749.65271,TRUE,4/26/2032,2032-Apr-26 20:30,1.96662E+12,25.93629738,93370.67057,58016.90361,0.295809937,115.0700656,44252536.54,27497251.14,Earth
2001862,2001862,1862 Apollo (1932 HA),Apollo,1862,http://ssd.jpl.nasa.gov/sbdb.cgi?sstr=2001862,16.1,1.60160338,3.58129403,1601.60338,3581.29403,0.995189894,2.225312253,5254.604433,11749.65271,TRUE,11/15/2037,2037-Nov-15 23:52,2.14194E+12,20.86717169,75121.81808,46677.77635,0.143167642,55.69221282,21417574.33,13308263.57,Venus
2001862,2001862,1862 Apollo (1932 HA),Apollo,1862,http://ssd.jpl.nasa.gov/sbdb.cgi?sstr=2001862,16.1,1.60160338,3.58129403,1601.60338,3581.29403,0.995189894,2.225312253,5254.604433,11749.65271,TRUE,7/17/2039,2039-Jul-17 03:57,2.19449E+12,12.90329565,46451.86433,28863.38203,0.057980335,22.55435028,8673734.603,5389608.763,Venus
2001862,2001862,1862 Apollo (1932 HA),Apollo,1862,http://ssd.jpl.nasa.gov/sbdb.cgi?sstr=2001862,16.1,1.60160338,3.58129403,1601.60338,3581.29403,0.995189894,2.225312253,5254.604433,11749.65271,TRUE,7/26/2039,2039-Jul-26 05:09,2.19527E+12,16.12779295,58060.05464,36076.26006,0.366852004,142.7054296,54880278.4,34101023.71,Earth
2001862,2001862,1862 Apollo (1932 HA),Apollo,1862,http://ssd.jpl.nasa.gov/sbdb.cgi?sstr=2001862,16.1,1.60160338,3.58129403,1601.60338,3581.29403,0.995189894,2.225312253,5254.604433,11749.65271,TRUE,11/13/2046,2046-Nov-13 04:49,2.4257E+12,17.9824581,64736.84915,40224.96052,0.035291757,13.72849328,5279571.601,3280573.671,Earth
2001862,2001862,1862 Apollo (1932 HA),Apollo,1862,http://ssd.jpl.nasa.gov/sbdb.cgi?sstr=2001862,16.1,1.60160338,3.58129403,1601.60338,3581.29403,0.995189894,2.225312253,5254.604433,11749.65271,TRUE,5/13/2048,2048-May-13 23:58,2.47303E+12,16.14978024,58139.20887,36125.44342,0.049760498,19.35683368,7444064.496,4625527.189,Earth
2001862,2001862,1862 Apollo (1932 HA),Apollo,1862,http://ssd.jpl.nasa.gov/sbdb.cgi?sstr=2001862,16.1,1.60160338,3.58129403,1601.60338,3581.29403,0.995189894,2.225312253,5254.604433,11749.65271,TRUE,12/13/2049,2049-Dec-13 00:24,2.52297E+12,11.18227925,40256.20529,25013.64045,0.061138979,23.78306264,9146260.958,5683223.024,Mars
2001862,2001862,1862 Apollo (1932 HA),Apollo,1862,http://ssd.jpl.nasa.gov/sbdb.cgi?sstr=2001862,16.1,1.60160338,3.58129403,1601.60338,3581.29403,0.995189894,2.225312253,5254.604433,11749.65271,TRUE,9/18/2055,2055-Sep-18 02:39,2.70485E+12,14.62728374,52658.22148,32719.77101,0.32706933,127.2299694,48928875.14,30402993.21,Earth
2001862,2001862,1862 Apollo (1932 HA),Apollo,1862,http://ssd.jpl.nasa.gov/sbdb.cgi?sstr=2001862,16.1,1.60160338,3.58129403,1601.60338,3581.29403,0.995189894,2.225312253,5254.604433,11749.65271,TRUE,4/23/2057,2057-Apr-23 18:50,2.75528E+12,28.23552403,101647.8865,63160.0437,0.37194122,144.6851346,55641614.28,34574095.89,Earth
2001862,2001862,1862 Apollo (1932 HA),Apollo,1862,http://ssd.jpl.nasa.gov/sbdb.cgi?sstr=2001862,16.1,1.60160338,3.58129403,1601.60338,3581.29403,0.995189894,2.225312253,5254.604433,11749.65271,TRUE,6/6/2057,2057-Jun-06 09:28,2.75905E+12,11.60177794,41766.4006,25952.01708,0.086803938,33.76673173,12985684.17,8068929.984,Venus
2001862,2001862,1862 Apollo (1932 HA),Apollo,1862,http://ssd.jpl.nasa.gov/sbdb.cgi?sstr=2001862,16.1,1.60160338,3.58129403,1601.60338,3581.29403,0.995189894,2.225312253,5254.604433,11749.65271,TRUE,7/25/2064,2064-Jul-25 22:57,2.98425E+12,16.14033373,58105.20144,36104.31253,0.366363082,142.5152389,54807136.7,34055575.57,Earth
2001862,2001862,1862 Apollo (1932 HA),Apollo,1862,http://ssd.jpl.nasa.gov/sbdb.cgi?sstr=2001862,16.1,1.60160338,3.58129403,1601.60338,3581.29403,0.995189894,2.225312253,5254.604433,11749.65271,TRUE,11/17/2071,2071-Nov-17 19:34,3.21501E+12,20.33792279,73216.52203,45493.89948,0.106615511,41.47343393,15949453.41,9910530.794,Earth
2001862,2001862,1862 Apollo (1932 HA),Apollo,1862,http://ssd.jpl.nasa.gov/sbdb.cgi?sstr=2001862,16.1,1.60160338,3.58129403,1601.60338,3581.29403,0.995189894,2.225312253,5254.604433,11749.65271,TRUE,5/20/2073,2073-May-20 12:48,3.26251E+12,13.5791257,48884.85251,30375.14627,0.13192971,51.32065723,19736403.62,12263632.54,Earth
2001862,2001862,1862 Apollo (1932 HA),Apollo,1862,http://ssd.jpl.nasa.gov/sbdb.cgi?sstr=2001862,16.1,1.60160338,3.58129403,1601.60338,3581.29403,0.995189894,2.225312253,5254.604433,11749.65271,TRUE,5/17/2075,2075-May-17 22:47,3.32536E+12,14.31674413,51540.27886,32025.12494,0.008304819,3.230574747,1242383.293,771981.181,Venus
2001862,2001862,1862 Apollo (1932 HA),Apollo,1862,http://ssd.jpl.nasa.gov/sbdb.cgi?sstr=2001862,16.1,1.60160338,3.58129403,1601.60338,3581.29403,0.995189894,2.225312253,5254.604433,11749.65271,TRUE,1/20/2077,2077-Jan-20 22:01,3.37841E+12,14.48089144,52131.2092,32392.30607,0.058621674,22.80383126,8769677.596,5449224.974,Venus
2001862,2001862,1862 Apollo (1932 HA),Apollo,1862,http://ssd.jpl.nasa.gov/sbdb.cgi?sstr=2001862,16.1,1.60160338,3.58129403,1601.60338,3581.29403,0.995189894,2.225312253,5254.604433,11749.65271,TRUE,11/5/2080,2080-Nov-05 09:15,3.49802E+12,14.57205281,52459.39011,32596.22493,0.097925803,38.09313721,14649491.49,9102771.909,Earth
2001862,2001862,1862 Apollo (1932 HA),Apollo,1862,http://ssd.jpl.nasa.gov/sbdb.cgi?sstr=2001862,16.1,1.60160338,3.58129403,1601.60338,3581.29403,0.995189894,2.225312253,5254.604433,11749.65271,TRUE,5/12/2082,2082-May-12 11:03,3.54581E+12,17.50696891,63025.08807,39161.33875,0.03330739,12.95657463,4982714.569,3096115.265,Earth
2001862,2001862,1862 Apollo (1932 HA),Apollo,1862,http://ssd.jpl.nasa.gov/sbdb.cgi?sstr=2001862,16.1,1.60160338,3.58129403,1601.60338,3581.29403,0.995189894,2.225312253,5254.604433,11749.65271,TRUE,7/23/2087,2087-Jul-23 17:24,3.70982E+12,12.73463793,45844.69654,28486.11158,0.077717657,30.23216853,11626395.93,7224307.438,Mars
2001862,2001862,1862 Apollo (1932 HA),Apollo,1862,http://ssd.jpl.nasa.gov/sbdb.cgi?sstr=2001862,16.1,1.60160338,3.58129403,1601.60338,3581.29403,0.995189894,2.225312253,5254.604433,11749.65271,TRUE,10/22/2089,2089-Oct-22 19:13,3.78085E+12,11.85225706,42668.12542,26512.31382,0.209443499,81.47352096,31332301.28,19468989.22,Earth
2001862,2001862,1862 Apollo (1932 HA),Apollo,1862,http://ssd.jpl.nasa.gov/sbdb.cgi?sstr=2001862,16.1,1.60160338,3.58129403,1601.60338,3581.29403,0.995189894,2.225312253,5254.604433,11749.65271,TRUE,5/6/2091,2091-May-06 06:37,3.82927E+12,21.15145239,76145.22859,47313.68385,0.135540883,52.7254036,20276627.44,12599312.05,Earth
2001862,2001862,1862 Apollo (1932 HA),Apollo,1862,http://ssd.jpl.nasa.gov/sbdb.cgi?sstr=2001862,16.1,1.60160338,3.58129403,1601.60338,3581.29403,0.995189894,2.225312253,5254.604433,11749.65271,TRUE,8/30/2098,2098-Aug-30 09:53,4.06023E+12,11.69418748,42099.07492,26158.72797,0.088705791,34.50655278,13270197.42,8245718.318,Venus
2001862,2001862,1862 Apollo (1932 HA),Apollo,1862,http://ssd.jpl.nasa.gov/sbdb.cgi?sstr=2001862,16.1,1.60160338,3.58129403,1601.60338,3581.29403,0.995189894,2.225312253,5254.604433,11749.65271,TRUE,9/25/2098,2098-Sep-25 10:25,4.06248E+12,13.82870193,49783.32696,30933.42335,0.307959149,119.7961088,46070032.69,28626590.88,Earth
2001862,2001862,1862 Apollo (1932 HA),Apollo,1862,http://ssd.jpl.nasa.gov/sbdb.cgi?sstr=2001862,16.1,1.60160338,3.58129403,1601.60338,3581.29403,0.995189894,2.225312253,5254.604433,11749.65271,TRUE,4/29/2100,2100-Apr-29 16:01,4.1127E+12,25.41381283,91489.72618,56848.15791,0.277863253,108.0888053,41567750.76,25829002.61,Earth
2001862,2001862,1862 Apollo (1932 HA),Apollo,1862,http://ssd.jpl.nasa.gov/sbdb.cgi?sstr=2001862,16.1,1.60160338,3.58129403,1601.60338,3581.29403,0.995189894,2.225312253,5254.604433,11749.65271,TRUE,9/4/2107,2107-Sep-04 08:58,4.34457E+12,16.15168512,58146.06644,36129.70445,0.357862638,139.2085661,53535488.38,33265409.94,Earth
2001862,2001862,1862 Apollo (1932 HA),Apollo,1862,http://ssd.jpl.nasa.gov/sbdb.cgi?sstr=2001862,16.1,1.60160338,3.58129403,1601.60338,3581.29403,0.995189894,2.225312253,5254.604433,11749.65271,TRUE,4/22/2109,2109-Apr-22 14:59,4.39609E+12,30.04852982,108174.7073,67215.55635,0.430763605,167.5670425,64441317.83,40041978.13,Earth
2001862,2001862,1862 Apollo (1932 HA),Apollo,1862,http://ssd.jpl.nasa.gov/sbdb.cgi?sstr=2001862,16.1,1.60160338,3.58129403,1601.60338,3581.29403,0.995189894,2.225312253,5254.604433,11749.65271,TRUE,8/14/2116,2116-Aug-14 14:45,4.62686E+12,16.89826224,60833.74407,37799.72281,0.375584193,146.102251,56186595.25,34912731.36,Earth
2001862,2001862,1862 Apollo (1932 HA),Apollo,1862,http://ssd.jpl.nasa.gov/sbdb.cgi?sstr=2001862,16.1,1.60160338,3.58129403,1601.60338,3581.29403,0.995189894,2.225312253,5254.604433,11749.65271,TRUE,3/24/2120,2120-Mar-24 04:10,4.7407E+12,11.64395364,41918.2331,26046.35989,0.081030623,31.52091215,12122008.53,7532266.825,Venus
2001862,2001862,1862 Apollo (1932 HA),Apollo,1862,http://ssd.jpl.nasa.gov/sbdb.cgi?sstr=2001862,16.1,1.60160338,3.58129403,1601.60338,3581.29403,0.995189894,2.225312253,5254.604433,11749.65271,TRUE,12/5/2123,2123-Dec-05 19:53,4.85748E+12,30.71107051,110559.8538,68697.59361,0.445050172,173.1245169,66578557.77,41369997.45,Earth
2001862,2001862,1862 Apollo (1932 HA),Apollo,1862,http://ssd.jpl.nasa.gov/sbdb.cgi?sstr=2001862,16.1,1.60160338,3.58129403,1601.60338,3581.29403,0.995189894,2.225312253,5254.604433,11749.65271,TRUE,7/24/2125,2125-Jul-24 15:07,4.90904E+12,15.87579317,57152.85541,35512.56174,0.362018415,140.8251636,54157183.84,33651713.59,Earth
2001862,2001862,1862 Apollo (1932 HA),Apollo,1862,http://ssd.jpl.nasa.gov/sbdb.cgi?sstr=2001862,16.1,1.60160338,3.58129403,1601.60338,3581.29403,0.995189894,2.225312253,5254.604433,11749.65271,TRUE,11/26/2132,2132-Nov-26 22:45,5.1408E+12,25.42773878,91539.8596,56879.30887,0.273012776,106.20197,40842129.83,25378122.68,Earth
2001862,2001862,1862 Apollo (1932 HA),Apollo,1862,http://ssd.jpl.nasa.gov/sbdb.cgi?sstr=2001862,16.1,1.60160338,3.58129403,1601.60338,3581.29403,0.995189894,2.225312253,5254.604433,11749.65271,TRUE,6/29/2134,2134-Jun-29 12:52,5.19087E+12,12.98034309,46729.23513,29035.72946,0.307997983,119.8112154,46075842.22,28630200.76,Earth
2001862,2001862,1862 Apollo (1932 HA),Apollo,1862,http://ssd.jpl.nasa.gov/sbdb.cgi?sstr=2001862,16.1,1.60160338,3.58129403,1601.60338,3581.29403,0.995189894,2.225312253,5254.604433,11749.65271,TRUE,10/10/2141,2141-Oct-10 22:38,5.42073E+12,11.65046485,41941.67346,26060.92482,0.069394195,26.99434189,10381223.78,6450593.337,Venus
2001862,2001862,1862 Apollo (1932 HA),Apollo,1862,http://ssd.jpl.nasa.gov/sbdb.cgi?sstr=2001862,16.1,1.60160338,3.58129403,1601.60338,3581.29403,0.995189894,2.225312253,5254.604433,11749.65271,TRUE,11/19/2141,2141-Nov-19 08:49,5.42414E+12,20.58623544,74110.44759,46049.35006,0.114382512,44.49479701,17111380.1,10632518.56,Earth
2001862,2001862,1862 Apollo (1932 HA),Apollo,1862,http://ssd.jpl.nasa.gov/sbdb.cgi?sstr=2001862,16.1,1.60160338,3.58129403,1601.60338,3581.29403,0.995189894,2.225312253,5254.604433,11749.65271,TRUE,5/28/2143,2143-May-28 07:07,5.47208E+12,12.10543564,43579.56829,27078.64897,0.18471711,71.8549556,27633286.13,17170527.8,Earth
2001862,2001862,1862 Apollo (1932 HA),Apollo,1862,http://ssd.jpl.nasa.gov/sbdb.cgi?sstr=2001862,16.1,1.60160338,3.58129403,1601.60338,3581.29403,0.995189894,2.225312253,5254.604433,11749.65271,TRUE,11/10/2150,2150-Nov-10 14:06,5.70738E+12,15.8509696,57063.49056,35457.0339,0.057775475,22.47465962,8643087.938,5370565.808,Earth
2001862,2001862,1862 Apollo (1932 HA),Apollo,1862,http://ssd.jpl.nasa.gov/sbdb.cgi?sstr=2001862,16.1,1.60160338,3.58129403,1601.60338,3581.29403,0.995189894,2.225312253,5254.604433,11749.65271,TRUE,5/14/2152,2152-May-14 23:27,5.75502E+12,16.68226853,60056.16672,37316.56648,0.040353794,15.69762598,6036841.674,3751119.474,Earth
2001862,2001862,1862 Apollo (1932 HA),Apollo,1862,http://ssd.jpl.nasa.gov/sbdb.cgi?sstr=2001862,16.1,1.60160338,3.58129403,1601.60338,3581.29403,0.995189894,2.225312253,5254.604433,11749.65271,TRUE,10/23/2159,2159-Oct-23 18:04,5.98983E+12,11.83588907,42609.20064,26475.70025,0.214565513,83.4659844,32098543.66,19945110.16,Earth
2001862,2001862,1862 Apollo (1932 HA),Apollo,1862,http://ssd.jpl.nasa.gov/sbdb.cgi?sstr=2001862,16.1,1.60160338,3.58129403,1601.60338,3581.29403,0.995189894,2.225312253,5254.604433,11749.65271,TRUE,5/6/2161,2161-May-06 13:45,6.03829E+12,21.55298352,77590.74068,48211.86884,0.15010102,58.38929659,22454792.8,13952761.25,Earth
2001862,2001862,1862 Apollo (1932 HA),Apollo,1862,http://ssd.jpl.nasa.gov/sbdb.cgi?sstr=2001862,16.1,1.60160338,3.58129403,1601.60338,3581.29403,0.995189894,2.225312253,5254.604433,11749.65271,TRUE,4/29/2163,2163-Apr-29 13:20,6.10075E+12,11.96289628,43066.42663,26759.8027,0.050923918,19.80940402,7618109.635,4733673.824,Venus
2001862,2001862,1862 Apollo (1932 HA),Apollo,1862,http://ssd.jpl.nasa.gov/sbdb.cgi?sstr=2001862,16.1,1.60160338,3.58129403,1601.60338,3581.29403,0.995189894,2.225312253,5254.604433,11749.65271,TRUE,1/4/2165,2165-Jan-04 04:12,6.15394E+12,19.7075642,70947.23112,44083.85036,0.135201997,52.59357695,20225930.82,12567810.63,Venus
2001862,2001862,1862 Apollo (1932 HA),Apollo,1862,http://ssd.jpl.nasa.gov/sbdb.cgi?sstr=2001862,16.1,1.60160338,3.58129403,1601.60338,3581.29403,0.995189894,2.225312253,5254.604433,11749.65271,TRUE,9/15/2168,2168-Sep-15 10:05,6.2706E+12,15.12835202,54462.06728,33840.61064,0.336326577,130.8310383,50313739.47,31263508,Earth
2001862,2001862,1862 Apollo (1932 HA),Apollo,1862,http://ssd.jpl.nasa.gov/sbdb.cgi?sstr=2001862,16.1,1.60160338,3.58129403,1601.60338,3581.29403,0.995189894,2.225312253,5254.604433,11749.65271,TRUE,4/26/2170,2170-Apr-26 13:16,6.32142E+12,27.94652532,100607.4912,62513.58249,0.362662862,141.0758532,54253591.65,33711618.62,Earth
2001862,2001862,1862 Apollo (1932 HA),Apollo,1862,http://ssd.jpl.nasa.gov/sbdb.cgi?sstr=2001862,16.1,1.60160338,3.58129403,1601.60338,3581.29403,0.995189894,2.225312253,5254.604433,11749.65271,TRUE,8/16/2177,2177-Aug-16 00:16,6.55197E+12,16.89861774,60835.02387,37800.51803,0.375222334,145.961488,56132461.99,34879094.51,Earth
2001862,2001862,1862 Apollo (1932 HA),Apollo,1862,http://ssd.jpl.nasa.gov/sbdb.cgi?sstr=2001862,16.1,1.60160338,3.58129403,1601.60338,3581.29403,0.995189894,2.225312253,5254.604433,11749.65271,TRUE,10/6/2184,2184-Oct-06 20:12,6.77738E+12,11.59858055,41754.88996,25944.86482,0.081013279,31.51416561,12119414.01,7530654.665,Venus
2001862,2001862,1862 Apollo (1932 HA),Apollo,1862,http://ssd.jpl.nasa.gov/sbdb.cgi?sstr=2001862,16.1,1.60160338,3.58129403,1601.60338,3581.29403,0.995189894,2.225312253,5254.604433,11749.65271,TRUE,12/2/2184,2184-Dec-02 23:23,6.78231E+12,29.08306512,104699.0344,65055.90837,0.392339988,152.6202554,58693226.57,36470279.84,Earth
2001862,2001862,1862 Apollo (1932 HA),Apollo,1862,http://ssd.jpl.nasa.gov/sbdb.cgi?sstr=2001862,16.1,1.60160338,3.58129403,1601.60338,3581.29403,0.995189894,2.225312253,5254.604433,11749.65271,TRUE,7/16/2186,2186-Jul-16 20:11,6.83336E+12,15.0373234,54134.36424,33636.98871,0.348476352,135.5573008,52131319.94,32392900.13,Earth
2001862,2001862,1862 Apollo (1932 HA),Apollo,1862,http://ssd.jpl.nasa.gov/sbdb.cgi?sstr=2001862,16.1,1.60160338,3.58129403,1601.60338,3581.29403,0.995189894,2.225312253,5254.604433,11749.65271,TRUE,11/22/2193,2193-Nov-22 21:28,7.06544E+12,22.44857421,80814.86714,50215.21564,0.175011669,68.07953909,26181372.85,16268350.71,Earth
2001862,2001862,1862 Apollo (1932 HA),Apollo,1862,http://ssd.jpl.nasa.gov/sbdb.cgi?sstr=2001862,16.1,1.60160338,3.58129403,1601.60338,3581.29403,0.995189894,2.225312253,5254.604433,11749.65271,TRUE,6/6/2195,2195-Jun-06 08:27,7.11386E+12,11.14647963,40127.32668,24933.56029,0.233519321,90.83901587,34933993.03,21706976.7,Earth
2001863,2001863,1863 Antinous (1948 EA),Antinous,1863,http://ssd.jpl.nasa.gov/sbdb.cgi?sstr=2001863,15.44,2.170475943,4.853331752,2170.475943,4853.331752,1.348670807,3.015719604,7120.984293,15923.00495,FALSE,10/11/1907,1907-Oct-11 06:15,-1.96368E+12,18.07953845,65086.3384,40442.11955,0.089432415,34.7892094,13378898.78,8313262.21,Mars
2001863,2001863,1863 Antinous (1948 EA),Antinous,1863,http://ssd.jpl.nasa.gov/sbdb.cgi?sstr=2001863,15.44,2.170475943,4.853331752,2170.475943,4853.331752,1.348670807,3.015719604,7120.984293,15923.00495,FALSE,3/29/1914,1914-Mar-29 02:55,-1.7597E+12,19.8211139,71356.01003,44337.84967,0.216801703,84.33586227,32433072.91,20152977,Earth
2001863,2001863,1863 Antinous (1948 EA),Antinous,1863,http://ssd.jpl.nasa.gov/sbdb.cgi?sstr=2001863,15.44,2.170475943,4.853331752,2170.475943,4853.331752,1.348670807,3.015719604,7120.984293,15923.00495,FALSE,4/6/1931,1931-Apr-06 05:10,-1.22254E+12,15.64067247,56306.42088,34986.62024,0.174222055,67.7723792,26063248.26,16194951.5,Earth
2001863,2001863,1863 Antinous (1948 EA),Antinous,1863,http://ssd.jpl.nasa.gov/sbdb.cgi?sstr=2001863,15.44,2.170475943,4.853331752,2170.475943,4853.331752,1.348670807,3.015719604,7120.984293,15923.00495,FALSE,4/5/1948,1948-Apr-05 23:14,-6.86019E+11,15.39833508,55434.00629,34444.53574,0.176868422,68.80181612,26459139.19,16440946.71,Earth
2001863,2001863,1863 Antinous (1948 EA),Antinous,1863,http://ssd.jpl.nasa.gov/sbdb.cgi?sstr=2001863,15.44,2.170475943,4.853331752,2170.475943,4853.331752,1.348670807,3.015719604,7120.984293,15923.00495,FALSE,2/2/1965,1965-Feb-02 06:30,-1.54978E+11,16.29352775,58656.69989,36446.99222,0.098464453,38.30267226,14730072.45,9152842.6,Mars
2001863,2001863,1863 Antinous (1948 EA),Antinous,1863,http://ssd.jpl.nasa.gov/sbdb.cgi?sstr=2001863,15.44,2.170475943,4.853331752,2170.475943,4853.331752,1.348670807,3.015719604,7120.984293,15923.00495,FALSE,4/6/1965,1965-Apr-06 03:08,-1.49547E+11,15.30323267,55091.63761,34231.80116,0.179654684,69.88567188,26875957.99,16699945.91,Earth
2001863,2001863,1863 Antinous (1948 EA),Antinous,1863,http://ssd.jpl.nasa.gov/sbdb.cgi?sstr=2001863,15.44,2.170475943,4.853331752,2170.475943,4853.331752,1.348670807,3.015719604,7120.984293,15923.00495,FALSE,4/5/1982,1982-Apr-05 22:46,3.86895E+11,15.45201856,55627.2668,34564.62031,0.182028004,70.8088934,27231001.62,16920559.79,Earth
2001863,2001863,1863 Antinous (1948 EA),Antinous,1863,http://ssd.jpl.nasa.gov/sbdb.cgi?sstr=2001863,15.44,2.170475943,4.853331752,2170.475943,4853.331752,1.348670807,3.015719604,7120.984293,15923.00495,FALSE,4/1/1999,1999-Apr-01 14:44,9.22978E+11,17.85636357,64282.90884,39942.89966,0.189409435,73.68027018,28335248.02,17606706.69,Earth
2001863,2001863,1863 Antinous (1948 EA),Antinous,1863,http://ssd.jpl.nasa.gov/sbdb.cgi?sstr=2001863,15.44,2.170475943,4.853331752,2170.475943,4853.331752,1.348670807,3.015719604,7120.984293,15923.00495,FALSE,3/27/2016,2016-Mar-27 11:19,1.45908E+12,20.23543056,72847.55003,45264.63463,0.237177056,92.26187475,35481182.38,22046984.4,Earth
2001863,2001863,1863 Antinous (1948 EA),Antinous,1863,http://ssd.jpl.nasa.gov/sbdb.cgi?sstr=2001863,15.44,2.170475943,4.853331752,2170.475943,4853.331752,1.348670807,3.015719604,7120.984293,15923.00495,FALSE,3/23/2033,2033-Mar-23 16:37,1.99521E+12,22.65187286,81546.74228,50669.97439,0.306334327,119.164053,45826962.75,28475554.23,Earth
2001863,2001863,1863 Antinous (1948 EA),Antinous,1863,http://ssd.jpl.nasa.gov/sbdb.cgi?sstr=2001863,15.44,2.170475943,4.853331752,2170.475943,4853.331752,1.348670807,3.015719604,7120.984293,15923.00495,FALSE,8/24/2043,2043-Aug-24 20:36,2.32406E+12,24.25455555,87316.39998,54255.01531,0.36003127,140.052164,53859911.1,33466996.87,Earth
2001863,2001863,1863 Antinous (1948 EA),Antinous,1863,http://ssd.jpl.nasa.gov/sbdb.cgi?sstr=2001863,15.44,2.170475943,4.853331752,2170.475943,4853.331752,1.348670807,3.015719604,7120.984293,15923.00495,FALSE,3/17/2050,2050-Mar-17 21:01,2.53116E+12,26.43215385,95155.75385,59126.08494,0.429653246,167.1351125,64275210.38,39938763.75,Earth
2001863,2001863,1863 Antinous (1948 EA),Antinous,1863,http://ssd.jpl.nasa.gov/sbdb.cgi?sstr=2001863,15.44,2.170475943,4.853331752,2170.475943,4853.331752,1.348670807,3.015719604,7120.984293,15923.00495,FALSE,8/19/2060,2060-Aug-19 18:18,2.86017E+12,21.69383389,78097.80202,48526.93704,0.277291319,107.8663231,41482190.69,25775838.05,Earth
2001863,2001863,1863 Antinous (1948 EA),Antinous,1863,http://ssd.jpl.nasa.gov/sbdb.cgi?sstr=2001863,15.44,2.170475943,4.853331752,2170.475943,4853.331752,1.348670807,3.015719604,7120.984293,15923.00495,FALSE,8/17/2077,2077-Aug-17 02:41,3.39639E+12,20.15118636,72544.27089,45076.18877,0.234611559,91.26389653,35097389.53,21808506.58,Earth
2001863,2001863,1863 Antinous (1948 EA),Antinous,1863,http://ssd.jpl.nasa.gov/sbdb.cgi?sstr=2001863,15.44,2.170475943,4.853331752,2170.475943,4853.331752,1.348670807,3.015719604,7120.984293,15923.00495,FALSE,8/13/2094,2094-Aug-13 08:54,3.93253E+12,18.04394201,64958.19125,40362.49389,0.193127278,75.1265111,28891429.41,17952301.78,Earth
2001863,2001863,1863 Antinous (1948 EA),Antinous,1863,http://ssd.jpl.nasa.gov/sbdb.cgi?sstr=2001863,15.44,2.170475943,4.853331752,2170.475943,4853.331752,1.348670807,3.015719604,7120.984293,15923.00495,FALSE,8/16/2111,2111-Aug-16 02:17,4.46913E+12,18.88272024,67977.79285,42238.7569,0.203638058,79.21520445,30463819.68,18929339.79,Earth
2001863,2001863,1863 Antinous (1948 EA),Antinous,1863,http://ssd.jpl.nasa.gov/sbdb.cgi?sstr=2001863,15.44,2.170475943,4.853331752,2170.475943,4853.331752,1.348670807,3.015719604,7120.984293,15923.00495,FALSE,8/22/2128,2128-Aug-22 00:22,5.00619E+12,22.66196691,81583.08088,50692.55378,0.30617762,119.1030943,45803519.84,28460987.47,Earth
2001863,2001863,1863 Antinous (1948 EA),Antinous,1863,http://ssd.jpl.nasa.gov/sbdb.cgi?sstr=2001863,15.44,2.170475943,4.853331752,2170.475943,4853.331752,1.348670807,3.015719604,7120.984293,15923.00495,FALSE,3/18/2135,2135-Mar-18 01:17,5.21347E+12,27.33552964,98407.90671,61146.84626,0.472758697,183.9031329,70723694.02,43945665.68,Earth
2001863,2001863,1863 Antinous (1948 EA),Antinous,1863,http://ssd.jpl.nasa.gov/sbdb.cgi?sstr=2001863,15.44,2.170475943,4.853331752,2170.475943,4853.331752,1.348670807,3.015719604,7120.984293,15923.00495,FALSE,8/28/2145,2145-Aug-28 19:43,5.54324E+12,26.66344108,95988.38788,59643.45135,0.441508716,171.7468906,66048763.53,41040798.57,Earth
2001863,2001863,1863 Antinous (1948 EA),Antinous,1863,http://ssd.jpl.nasa.gov/sbdb.cgi?sstr=2001863,15.44,2.170475943,4.853331752,2170.475943,4853.331752,1.348670807,3.015719604,7120.984293,15923.00495,FALSE,3/28/2152,2152-Mar-28 11:54,5.75091E+12,20.69738478,74510.58521,46297.98002,0.285884254,111.2089748,42767675.45,26574601.24,Earth
2001863,2001863,1863 Antinous (1948 EA),Antinous,1863,http://ssd.jpl.nasa.gov/sbdb.cgi?sstr=2001863,15.44,2.170475943,4.853331752,2170.475943,4853.331752,1.348670807,3.015719604,7120.984293,15923.00495,FALSE,4/7/2169,2169-Apr-07 18:18,6.28826E+12,15.1149674,54413.88263,33810.67057,0.225733463,87.81031699,33769245.21,20983235.97,Earth
2001863,2001863,1863 Antinous (1948 EA),Antinous,1863,http://ssd.jpl.nasa.gov/sbdb.cgi?sstr=2001863,15.44,2.170475943,4.853331752,2170.475943,4853.331752,1.348670807,3.015719604,7120.984293,15923.00495,FALSE,7/23/2186,2186-Jul-23 19:33,6.83396E+12,10.96539032,39475.40515,24528.48161,0.280473774,109.1042982,41958279.24,26071665.76,Earth
2001864,2001864,1864 Daedalus (1971 FA),Daedalus,1864,http://ssd.jpl.nasa.gov/sbdb.cgi?sstr=2001864,14.88,2.80902094,6.281161771,2809.020939,6281.161771,1.74544415,3.902931771,9215.948259,20607.48678,FALSE,11/17/1902,1902-Nov-17 09:10,-2.11824E+12,22.5061438,81022.11768,50343.99306,0.296642945,115.3941056,44377152.74,27574684.06,Earth
2001864,2001864,1864 Daedalus (1971 FA),Daedalus,1864,http://ssd.jpl.nasa.gov/sbdb.cgi?sstr=2001864,14.88,2.80902094,6.281161771,2809.020939,6281.161771,1.74544415,3.902931771,9215.948259,20607.48678,FALSE,5/9/1904,1904-May-09 17:03,-2.07164E+12,15.4113289,55480.78403,34473.60161,0.35270991,137.204155,52764651.26,32786433.97,Earth
2001864,2001864,1864 Daedalus (1971 FA),Daedalus,1864,http://ssd.jpl.nasa.gov/sbdb.cgi?sstr=2001864,14.88,2.80902094,6.281161771,2809.020939,6281.161771,1.74544415,3.902931771,9215.948259,20607.48678,FALSE,11/13/1909,1909-Nov-13 09:44,-1.89765E+12,21.121787,76038.43321,47247.32535,0.14722821,57.27177361,22025026.59,13685716.91,Venus
2001864,2001864,1864 Daedalus (1971 FA),Daedalus,1864,http://ssd.jpl.nasa.gov/sbdb.cgi?sstr=2001864,14.88,2.80902094,6.281161771,2809.020939,6281.161771,1.74544415,3.902931771,9215.948259,20607.48678,FALSE,12/13/1909,1909-Dec-13 05:42,-1.89508E+12,32.42051992,116713.8717,72521.46102,0.49832842,193.8497553,74548870.15,46322519.91,Earth
2001864,2001864,1864 Daedalus (1971 FA),Daedalus,1864,http://ssd.jpl.nasa.gov/sbdb.cgi?sstr=2001864,14.88,2.80902094,6.281161771,2809.020939,6281.161771,1.74544415,3.902931771,9215.948259,20607.48678,FALSE,9/10/1918,1918-Sep-10 09:14,-1.61919E+12,24.17565077,87032.34277,54078.5132,0.446520848,173.6966098,66798567.74,41506705.3,Earth
2001864,2001864,1864 Daedalus (1971 FA),Daedalus,1864,http://ssd.jpl.nasa.gov/sbdb.cgi?sstr=2001864,14.88,2.80902094,6.281161771,2809.020939,6281.161771,1.74544415,3.902931771,9215.948259,20607.48678,FALSE,4/18/1920,1920-Apr-18 09:19,-1.56856E+12,32.67216001,117619.776,73084.35473,0.481444411,187.2818758,72023058.39,44753053.26,Earth
2001864,2001864,1864 Daedalus (1971 FA),Daedalus,1864,http://ssd.jpl.nasa.gov/sbdb.cgi?sstr=2001864,14.88,2.80902094,6.281161771,2809.020939,6281.161771,1.74544415,3.902931771,9215.948259,20607.48678,FALSE,10/21/1925,1925-Oct-21 07:13,-1.39473E+12,20.95981702,75455.34126,46885.01469,0.334687476,130.193428,50068533.48,31111144.06,Earth
2001864,2001864,1864 Daedalus (1971 FA),Daedalus,1864,http://ssd.jpl.nasa.gov/sbdb.cgi?sstr=2001864,14.88,2.80902094,6.281161771,2809.020939,6281.161771,1.74544415,3.902931771,9215.948259,20607.48678,FALSE,5/4/1927,1927-May-04 11:36,-1.34633E+12,21.77013612,78372.49002,48697.61748,0.264249376,102.7930071,39531143.74,24563513.69,Earth
2001864,2001864,1864 Daedalus (1971 FA),Daedalus,1864,http://ssd.jpl.nasa.gov/sbdb.cgi?sstr=2001864,14.88,2.80902094,6.281161771,2809.020939,6281.161771,1.74544415,3.902931771,9215.948259,20607.48678,FALSE,11/26/1932,1932-Nov-26 13:45,-1.17067E+12,25.17250707,90621.02544,56308.38106,0.331893886,129.1067215,49650618.35,30851463.64,Earth
2001864,2001864,1864 Daedalus (1971 FA),Daedalus,1864,http://ssd.jpl.nasa.gov/sbdb.cgi?sstr=2001864,14.88,2.80902094,6.281161771,2809.020939,6281.161771,1.74544415,3.902931771,9215.948259,20607.48678,FALSE,5/8/1934,1934-May-08 07:16,-1.12507E+12,13.94334051,50196.02583,31189.85838,0.440292674,171.2738502,65866846.22,40927760.4,Earth
2001864,2001864,1864 Daedalus (1971 FA),Daedalus,1864,http://ssd.jpl.nasa.gov/sbdb.cgi?sstr=2001864,14.88,2.80902094,6.281161771,2809.020939,6281.161771,1.74544415,3.902931771,9215.948259,20607.48678,FALSE,6/20/1934,1934-Jun-20 20:40,-1.12131E+12,13.06774883,47043.89578,29231.24735,0.462055556,179.7396114,69122527.06,42950746.66,Earth
2001864,2001864,1864 Daedalus (1971 FA),Daedalus,1864,http://ssd.jpl.nasa.gov/sbdb.cgi?sstr=2001864,14.88,2.80902094,6.281161771,2809.020939,6281.161771,1.74544415,3.902931771,9215.948259,20607.48678,FALSE,8/14/1941,1941-Aug-14 11:56,-8.95666E+11,23.89828131,86033.81273,53458.06547,0.492712777,191.6652703,73708781.98,45800513.32,Earth
2001864,2001864,1864 Daedalus (1971 FA),Daedalus,1864,http://ssd.jpl.nasa.gov/sbdb.cgi?sstr=2001864,14.88,2.80902094,6.281161771,2809.020939,6281.161771,1.74544415,3.902931771,9215.948259,20607.48678,FALSE,9/23/1948,1948-Sep-23 00:33,-6.71326E+11,23.33750412,84015.01483,52203.66296,0.41323845,160.7497569,61819591.85,38412913.14,Earth
2001864,2001864,1864 Daedalus (1971 FA),Daedalus,1864,http://ssd.jpl.nasa.gov/sbdb.cgi?sstr=2001864,14.88,2.80902094,6.281161771,2809.020939,6281.161771,1.74544415,3.902931771,9215.948259,20607.48678,FALSE,4/24/1950,1950-Apr-24 09:14,-6.21356E+11,29.02947635,104506.1149,64936.03565,0.387354687,150.6809731,57947436.06,36006867.11,Earth
2001864,2001864,1864 Daedalus (1971 FA),Daedalus,1864,http://ssd.jpl.nasa.gov/sbdb.cgi?sstr=2001864,14.88,2.80902094,6.281161771,2809.020939,6281.161771,1.74544415,3.902931771,9215.948259,20607.48678,FALSE,7/1/1950,1950-Jul-01 14:12,-6.15462E+11,21.74252336,78273.08409,48635.8505,0.122734635,47.7437729,18360839.93,11408896.89,Venus
2001864,2001864,1864 Daedalus (1971 FA),Daedalus,1864,http://ssd.jpl.nasa.gov/sbdb.cgi?sstr=2001864,14.88,2.80902094,6.281161771,2809.020939,6281.161771,1.74544415,3.902931771,9215.948259,20607.48678,FALSE,11/4/1955,1955-Nov-04 21:09,-4.46785E+11,20.87988025,75167.56891,46706.20414,0.303860267,118.2016438,45456848.69,28245576.01,Earth
2001864,2001864,1864 Daedalus (1971 FA),Daedalus,1864,http://ssd.jpl.nasa.gov/sbdb.cgi?sstr=2001864,14.88,2.80902094,6.281161771,2809.020939,6281.161771,1.74544415,3.902931771,9215.948259,20607.48678,FALSE,5/8/1957,1957-May-08 06:31,-3.99231E+11,18.3847775,66185.19899,41124.90879,0.283650622,110.340092,42433528.89,26366972.2,Earth
2001864,2001864,1864 Daedalus (1971 FA),Daedalus,1864,http://ssd.jpl.nasa.gov/sbdb.cgi?sstr=2001864,14.88,2.80902094,6.281161771,2809.020939,6281.161771,1.74544415,3.902931771,9215.948259,20607.48678,FALSE,12/5/1962,1962-Dec-05 20:43,-2.23183E+11,28.5894429,102921.9944,63951.72482,0.403952338,157.1374594,60430409.33,37549715.16,Earth
2001864,2001864,1864 Daedalus (1971 FA),Daedalus,1864,http://ssd.jpl.nasa.gov/sbdb.cgi?sstr=2001864,14.88,2.80902094,6.281161771,2809.020939,6281.161771,1.74544415,3.902931771,9215.948259,20607.48678,FALSE,7/16/1964,1964-Jul-16 03:43,-1.72355E+11,19.45921907,70053.18864,43528.32713,0.495195659,192.6311114,74080215.82,46031311.61,Earth
2001864,2001864,1864 Daedalus (1971 FA),Daedalus,1864,http://ssd.jpl.nasa.gov/sbdb.cgi?sstr=2001864,14.88,2.80902094,6.281161771,2809.020939,6281.161771,1.74544415,3.902931771,9215.948259,20607.48678,FALSE,8/28/1971,1971-Aug-28 11:20,52226400000,24.46841306,88086.28703,54733.39318,0.473310311,184.117711,70806214.39,43996941.46,Earth
2001864,2001864,1864 Daedalus (1971 FA),Daedalus,1864,http://ssd.jpl.nasa.gov/sbdb.cgi?sstr=2001864,14.88,2.80902094,6.281161771,2809.020939,6281.161771,1.74544415,3.902931771,9215.948259,20607.48678,FALSE,10/6/1978,1978-Oct-06 22:13,2.7656E+11,22.15777928,79768.00542,49564.73648,0.376213977,146.3472371,56280809.62,34971273.46,Earth
2001864,2001864,1864 Daedalus (1971 FA),Daedalus,1864,http://ssd.jpl.nasa.gov/sbdb.cgi?sstr=2001864,14.88,2.80902094,6.281161771,2809.020939,6281.161771,1.74544415,3.902931771,9215.948259,20607.48678,FALSE,4/29/1980,1980-Apr-29 02:57,3.25825E+11,25.48232088,91736.35517,57001.40358,0.311395344,121.1327889,46584080.24,28946005.21,Earth
2001864,2001864,1864 Daedalus (1971 FA),Daedalus,1864,http://ssd.jpl.nasa.gov/sbdb.cgi?sstr=2001864,14.88,2.80902094,6.281161771,2809.020939,6281.161771,1.74544415,3.902931771,9215.948259,20607.48678,FALSE,11/16/1985,1985-Nov-16 13:13,5.00995E+11,22.33162467,80393.84882,49953.61123,0.298698934,116.1938853,44684724.28,27765800.15,Earth
2001864,2001864,1864 Daedalus (1971 FA),Daedalus,1864,http://ssd.jpl.nasa.gov/sbdb.cgi?sstr=2001864,14.88,2.80902094,6.281161771,2809.020939,6281.161771,1.74544415,3.902931771,9215.948259,20607.48678,FALSE,5/11/1987,1987-May-11 01:19,5.47694E+11,15.65180139,56346.48501,35011.51453,0.346512469,134.7933504,51837527.29,32210345.84,Earth
2001864,2001864,1864 Daedalus (1971 FA),Daedalus,1864,http://ssd.jpl.nasa.gov/sbdb.cgi?sstr=2001864,14.88,2.80902094,6.281161771,2809.020939,6281.161771,1.74544415,3.902931771,9215.948259,20607.48678,FALSE,2/14/1991,1991-Feb-14 20:45,6.66564E+11,23.58878966,84919.64278,52765.7636,0.138270335,53.78716024,20684947.57,12853030.42,Venus
2001864,2001864,1864 Daedalus (1971 FA),Daedalus,1864,http://ssd.jpl.nasa.gov/sbdb.cgi?sstr=2001864,14.88,2.80902094,6.281161771,2809.020939,6281.161771,1.74544415,3.902931771,9215.948259,20607.48678,FALSE,12/12/1992,1992-Dec-12 18:55,7.24187E+11,32.00245896,115208.8522,71586.30044,0.491209802,191.0806131,73483940.15,45660803.09,Earth
2001864,2001864,1864 Daedalus (1971 FA),Daedalus,1864,http://ssd.jpl.nasa.gov/sbdb.cgi?sstr=2001864,14.88,2.80902094,6.281161771,2809.020939,6281.161771,1.74544415,3.902931771,9215.948259,20607.48678,FALSE,9/9/2001,2001-Sep-09 17:59,1.00006E+12,24.24722884,87290.02383,54238.6262,0.446960929,173.8678013,66864402.92,41547613.39,Earth
2001864,2001864,1864 Daedalus (1971 FA),Daedalus,1864,http://ssd.jpl.nasa.gov/sbdb.cgi?sstr=2001864,14.88,2.80902094,6.281161771,2809.020939,6281.161771,1.74544415,3.902931771,9215.948259,20607.48678,FALSE,4/19/2003,2003-Apr-19 07:42,1.05074E+12,32.97362995,118705.0678,73758.71284,0.494290031,192.2788221,73944735.81,45947128.24,Earth
2001864,2001864,1864 Daedalus (1971 FA),Daedalus,1864,http://ssd.jpl.nasa.gov/sbdb.cgi?sstr=2001864,14.88,2.80902094,6.281161771,2809.020939,6281.161771,1.74544415,3.902931771,9215.948259,20607.48678,FALSE,3/27/2005,2005-Mar-27 11:06,1.11192E+12,21.30415741,76694.96668,47655.26971,0.132281167,51.457374,19788980.84,12296302.51,Venus
2001864,2001864,1864 Daedalus (1971 FA),Daedalus,1864,http://ssd.jpl.nasa.gov/sbdb.cgi?sstr=2001864,14.88,2.80902094,6.281161771,2809.020939,6281.161771,1.74544415,3.902931771,9215.948259,20607.48678,FALSE,10/20/2008,2008-Oct-20 13:49,1.22451E+12,21.08658638,75911.71098,47168.58508,0.337690338,131.3615416,50517755.34,31390277.58,Earth
2001864,2001864,1864 Daedalus (1971 FA),Daedalus,1864,http://ssd.jpl.nasa.gov/sbdb.cgi?sstr=2001864,14.88,2.80902094,6.281161771,2809.020939,6281.161771,1.74544415,3.902931771,9215.948259,20607.48678,FALSE,5/4/2010,2010-May-04 13:10,1.27298E+12,22.0368738,79332.74569,49294.28301,0.271174458,105.4868642,40567121.32,25207240.31,Earth
2001864,2001864,1864 Daedalus (1971 FA),Daedalus,1864,http://ssd.jpl.nasa.gov/sbdb.cgi?sstr=2001864,14.88,2.80902094,6.281161771,2809.020939,6281.161771,1.74544415,3.902931771,9215.948259,20607.48678,FALSE,11/27/2015,2015-Nov-27 06:14,1.4486E+12,24.98594358,89949.39688,55891.05719,0.33231678,129.2712272,49713882.38,30890774.09,Earth
2001864,2001864,1864 Daedalus (1971 FA),Daedalus,1864,http://ssd.jpl.nasa.gov/sbdb.cgi?sstr=2001864,14.88,2.80902094,6.281161771,2809.020939,6281.161771,1.74544415,3.902931771,9215.948259,20607.48678,FALSE,5/8/2017,2017-May-08 23:45,1.49429E+12,13.97974418,50327.07903,31271.28975,0.43488517,169.1703313,65057895.19,40425101.53,Earth
2001864,2001864,1864 Daedalus (1971 FA),Daedalus,1864,http://ssd.jpl.nasa.gov/sbdb.cgi?sstr=2001864,14.88,2.80902094,6.281161771,2809.020939,6281.161771,1.74544415,3.902931771,9215.948259,20607.48678,FALSE,8/13/2024,2024-Aug-13 15:16,1.72356E+12,23.82453316,85768.31937,53293.09822,0.492424246,191.5530315,73665618.26,45773692.63,Earth
2001864,2001864,1864 Daedalus (1971 FA),Daedalus,1864,http://ssd.jpl.nasa.gov/sbdb.cgi?sstr=2001864,14.88,2.80902094,6.281161771,2809.020939,6281.161771,1.74544415,3.902931771,9215.948259,20607.48678,FALSE,9/22/2031,2031-Sep-22 12:02,1.94784E+12,23.51147821,84641.32157,52592.82562,0.416774634,162.1253325,62348597.49,38741622.01,Earth
2001864,2001864,1864 Daedalus (1971 FA),Daedalus,1864,http://ssd.jpl.nasa.gov/sbdb.cgi?sstr=2001864,14.88,2.80902094,6.281161771,2809.020939,6281.161771,1.74544415,3.902931771,9215.948259,20607.48678,FALSE,4/23/2033,2033-Apr-23 23:05,1.99791E+12,29.61682545,106620.5716,66249.87685,0.406495145,158.1266114,60810807.86,37786083.84,Earth
2001864,2001864,1864 Daedalus (1971 FA),Daedalus,1864,http://ssd.jpl.nasa.gov/sbdb.cgi?sstr=2001864,14.88,2.80902094,6.281161771,2809.020939,6281.161771,1.74544415,3.902931771,9215.948259,20607.48678,FALSE,11/3/2038,2038-Nov-03 00:44,2.17236E+12,20.86718187,75121.85473,46677.79913,0.309395515,120.3548552,46284909.99,28760109.44,Earth
2001864,2001864,1864 Daedalus (1971 FA),Daedalus,1864,http://ssd.jpl.nasa.gov/sbdb.cgi?sstr=2001864,14.88,2.80902094,6.281161771,2809.020939,6281.161771,1.74544415,3.902931771,9215.948259,20607.48678,FALSE,5/8/2040,2040-May-08 02:12,2.22006E+12,18.93079703,68150.8693,42346.29987,0.281758609,109.6040988,42150487.72,26191098.57,Earth
2001864,2001864,1864 Daedalus (1971 FA),Daedalus,1864,http://ssd.jpl.nasa.gov/sbdb.cgi?sstr=2001864,14.88,2.80902094,6.281161771,2809.020939,6281.161771,1.74544415,3.902931771,9215.948259,20607.48678,FALSE,11/10/2045,2045-Nov-10 19:00,2.39395E+12,22.24626221,80086.54396,49762.66394,0.123853291,48.17893032,18528188.57,11512882.52,Venus
2001864,2001864,1864 Daedalus (1971 FA),Daedalus,1864,http://ssd.jpl.nasa.gov/sbdb.cgi?sstr=2001864,14.88,2.80902094,6.281161771,2809.020939,6281.161771,1.74544415,3.902931771,9215.948259,20607.48678,FALSE,12/4/2045,2045-Dec-04 19:19,2.39603E+12,27.99545973,100783.655,62623.04387,0.394241863,153.3600848,58977743.01,36647070.16,Earth
2001864,2001864,1864 Daedalus (1971 FA),Daedalus,1864,http://ssd.jpl.nasa.gov/sbdb.cgi?sstr=2001864,14.88,2.80902094,6.281161771,2809.020939,6281.161771,1.74544415,3.902931771,9215.948259,20607.48678,FALSE,7/14/2047,2047-Jul-14 11:53,2.44672E+12,18.82655066,67775.58239,42113.11118,0.491720832,191.2794035,73560389.04,45708306.23,Earth
2001864,2001864,1864 Daedalus (1971 FA),Daedalus,1864,http://ssd.jpl.nasa.gov/sbdb.cgi?sstr=2001864,14.88,2.80902094,6.281161771,2809.020939,6281.161771,1.74544415,3.902931771,9215.948259,20607.48678,FALSE,8/26/2054,2054-Aug-26 16:31,2.67137E+12,24.45564352,88040.31666,54704.82898,0.475207246,184.8556185,71089991.75,44173272.53,Earth
2001864,2001864,1864 Daedalus (1971 FA),Daedalus,1864,http://ssd.jpl.nasa.gov/sbdb.cgi?sstr=2001864,14.88,2.80902094,6.281161771,2809.020939,6281.161771,1.74544415,3.902931771,9215.948259,20607.48678,FALSE,10/4/2061,2061-Oct-04 20:33,2.89568E+12,22.42672928,80736.2254,50166.35072,0.381926381,148.5693621,57135373.05,35502274.55,Earth
2001864,2001864,1864 Daedalus (1971 FA),Daedalus,1864,http://ssd.jpl.nasa.gov/sbdb.cgi?sstr=2001864,14.88,2.80902094,6.281161771,2809.020939,6281.161771,1.74544415,3.902931771,9215.948259,20607.48678,FALSE,4/29/2063,2063-Apr-29 13:32,2.94508E+12,26.17210089,94219.56319,58544.37247,0.329901333,128.3316187,49352536.77,30666244.34,Earth
2001864,2001864,1864 Daedalus (1971 FA),Daedalus,1864,http://ssd.jpl.nasa.gov/sbdb.cgi?sstr=2001864,14.88,2.80902094,6.281161771,2809.020939,6281.161771,1.74544415,3.902931771,9215.948259,20607.48678,FALSE,11/14/2068,2068-Nov-14 11:49,3.12012E+12,21.95345423,79032.43522,49107.68176,0.300172319,116.7670322,44905139.59,27902759.87,Earth
2001864,2001864,1864 Daedalus (1971 FA),Daedalus,1864,http://ssd.jpl.nasa.gov/sbdb.cgi?sstr=2001864,14.88,2.80902094,6.281161771,2809.020939,6281.161771,1.74544415,3.902931771,9215.948259,20607.48678,FALSE,5/11/2070,2070-May-11 04:21,3.16701E+12,16.21863126,58387.07255,36279.45627,0.333114676,129.5816088,49833245.92,30964943.15,Earth
2001864,2001864,1864 Daedalus (1971 FA),Daedalus,1864,http://ssd.jpl.nasa.gov/sbdb.cgi?sstr=2001864,14.88,2.80902094,6.281161771,2809.020939,6281.161771,1.74544415,3.902931771,9215.948259,20607.48678,FALSE,12/12/2075,2075-Dec-12 09:56,3.34337E+12,31.17762001,112239.432,69741.21819,0.472875001,183.9483754,70741092.94,43956476.86,Earth
2001864,2001864,1864 Daedalus (1971 FA),Daedalus,1864,http://ssd.jpl.nasa.gov/sbdb.cgi?sstr=2001864,14.88,2.80902094,6.281161771,2809.020939,6281.161771,1.74544415,3.902931771,9215.948259,20607.48678,FALSE,7/28/2077,2077-Jul-28 10:47,3.39469E+12,21.70152779,78125.50005,48544.14751,0.499372408,194.2558665,74705048.5,46419564.63,Earth
2001864,2001864,1864 Daedalus (1971 FA),Daedalus,1864,http://ssd.jpl.nasa.gov/sbdb.cgi?sstr=2001864,14.88,2.80902094,6.281161771,2809.020939,6281.161771,1.74544415,3.902931771,9215.948259,20607.48678,FALSE,9/6/2084,2084-Sep-06 08:19,3.61907E+12,24.40165554,87845.95994,54584.06327,0.45361347,176.4556399,67859608.93,42166005.73,Earth
2001864,2001864,1864 Daedalus (1971 FA),Daedalus,1864,http://ssd.jpl.nasa.gov/sbdb.cgi?sstr=2001864,14.88,2.80902094,6.281161771,2809.020939,6281.161771,1.74544415,3.902931771,9215.948259,20607.48678,FALSE,6/25/2086,2086-Jun-25 13:34,3.67585E+12,24.07191181,86658.8825,53846.45952,0.147732897,57.46809705,22100526.77,13732630.54,Venus
2001864,2001864,1864 Daedalus (1971 FA),Daedalus,1864,http://ssd.jpl.nasa.gov/sbdb.cgi?sstr=2001864,14.88,2.80902094,6.281161771,2809.020939,6281.161771,1.74544415,3.902931771,9215.948259,20607.48678,FALSE,10/17/2091,2091-Oct-17 10:03,3.84345E+12,21.43974565,77183.08434,47958.56704,0.349536211,135.9695859,52289872.58,32491420.17,Earth
2001864,2001864,1864 Daedalus (1971 FA),Daedalus,1864,http://ssd.jpl.nasa.gov/sbdb.cgi?sstr=2001864,14.88,2.80902094,6.281161771,2809.020939,6281.161771,1.74544415,3.902931771,9215.948259,20607.48678,FALSE,5/3/2093,2093-May-03 11:03,3.89219E+12,23.1343264,83283.57504,51749.17472,0.285594389,111.0962174,42724312.29,26547656.63,Earth
2001864,2001864,1864 Daedalus (1971 FA),Daedalus,1864,http://ssd.jpl.nasa.gov/sbdb.cgi?sstr=2001864,14.88,2.80902094,6.281161771,2809.020939,6281.161771,1.74544415,3.902931771,9215.948259,20607.48678,FALSE,11/24/2098,2098-Nov-24 14:13,4.06768E+12,24.09424894,86739.29617,53896.42545,0.321854914,125.2015614,48148809.51,29918282.9,Earth
2001864,2001864,1864 Daedalus (1971 FA),Daedalus,1864,http://ssd.jpl.nasa.gov/sbdb.cgi?sstr=2001864,14.88,2.80902094,6.281161771,2809.020939,6281.161771,1.74544415,3.902931771,9215.948259,20607.48678,FALSE,5/11/2100,2100-May-11 09:40,4.11371E+12,14.35097185,51663.49868,32101.68894,0.407620624,158.5644228,60979177.13,37890703.66,Earth
2001864,2001864,1864 Daedalus (1971 FA),Daedalus,1864,http://ssd.jpl.nasa.gov/sbdb.cgi?sstr=2001864,14.88,2.80902094,6.281161771,2809.020939,6281.161771,1.74544415,3.902931771,9215.948259,20607.48678,FALSE,8/5/2100,2100-Aug-05 06:42,4.12113E+12,21.38239516,76976.62257,47830.27973,0.130796936,50.88000803,19566943,12158334.59,Venus
2001864,2001864,1864 Daedalus (1971 FA),Daedalus,1864,http://ssd.jpl.nasa.gov/sbdb.cgi?sstr=2001864,14.88,2.80902094,6.281161771,2809.020939,6281.161771,1.74544415,3.902931771,9215.948259,20607.48678,FALSE,8/11/2107,2107-Aug-11 16:00,4.34252E+12,23.4342762,84363.39433,52420.13244,0.494654191,192.4204801,73999213.3,45980978.98,Earth
2001864,2001864,1864 Daedalus (1971 FA),Daedalus,1864,http://ssd.jpl.nasa.gov/sbdb.cgi?sstr=2001864,14.88,2.80902094,6.281161771,2809.020939,6281.161771,1.74544415,3.902931771,9215.948259,20607.48678,FALSE,9/19/2114,2114-Sep-19 12:26,4.5668E+12,23.86412373,85910.84541,53381.65836,0.42630936,165.8343412,63774972.26,39627930.19,Earth
2001864,2001864,1864 Daedalus (1971 FA),Daedalus,1864,http://ssd.jpl.nasa.gov/sbdb.cgi?sstr=2001864,14.88,2.80902094,6.281161771,2809.020939,6281.161771,1.74544415,3.902931771,9215.948259,20607.48678,FALSE,4/23/2116,2116-Apr-23 12:06,4.61709E+12,30.86767837,111123.6421,69047.90974,0.444110199,172.7588675,66437939.86,41282621.53,Earth
2001864,2001864,1864 Daedalus (1971 FA),Daedalus,1864,http://ssd.jpl.nasa.gov/sbdb.cgi?sstr=2001864,14.88,2.80902094,6.281161771,2809.020939,6281.161771,1.74544415,3.902931771,9215.948259,20607.48678,FALSE,10/30/2121,2121-Oct-30 02:13,4.79123E+12,20.89844455,75234.40036,46747.7306,0.320874692,124.8202551,48002170.43,29827165.6,Earth
2001864,2001864,1864 Daedalus (1971 FA),Daedalus,1864,http://ssd.jpl.nasa.gov/sbdb.cgi?sstr=2001864,14.88,2.80902094,6.281161771,2809.020939,6281.161771,1.74544415,3.902931771,9215.948259,20607.48678,FALSE,5/8/2123,2123-May-08 23:33,4.83926E+12,20.20243182,72728.75454,45190.81973,0.277493695,107.9450472,41512465.65,25794650.04,Earth
2001864,2001864,1864 Daedalus (1971 FA),Daedalus,1864,http://ssd.jpl.nasa.gov/sbdb.cgi?sstr=2001864,14.88,2.80902094,6.281161771,2809.020939,6281.161771,1.74544415,3.902931771,9215.948259,20607.48678,FALSE,12/2/2128,2128-Dec-02 18:20,5.01507E+12,26.64361422,95917.01118,59599.10064,0.368379302,143.2995485,55108758.95,34242994.94,Earth
2001864,2001864,1864 Daedalus (1971 FA),Daedalus,1864,http://ssd.jpl.nasa.gov/sbdb.cgi?sstr=2001864,14.88,2.80902094,6.281161771,2809.020939,6281.161771,1.74544415,3.902931771,9215.948259,20607.48678,FALSE,5/8/2130,2130-May-08 11:53,5.06015E+12,13.77765703,49599.56532,30819.24102,0.484062693,188.3003874,72414747.74,44996437.74,Earth
2001864,2001864,1864 Daedalus (1971 FA),Daedalus,1864,http://ssd.jpl.nasa.gov/sbdb.cgi?sstr=2001864,14.88,2.80902094,6.281161771,2809.020939,6281.161771,1.74544415,3.902931771,9215.948259,20607.48678,FALSE,7/7/2130,2130-Jul-07 15:12,5.06534E+12,16.88758423,60795.30322,37775.83716,0.481341834,187.2419733,72007713.06,44743518.11,Earth
2001864,2001864,1864 Daedalus (1971 FA),Daedalus,1864,http://ssd.jpl.nasa.gov/sbdb.cgi?sstr=2001864,14.88,2.80902094,6.281161771,2809.020939,6281.161771,1.74544415,3.902931771,9215.948259,20607.48678,FALSE,8/22/2137,2137-Aug-22 09:45,5.29022E+12,24.27890769,87404.06769,54309.48861,0.482109708,187.5406765,72122585.47,44814896.52,Earth
2001864,2001864,1864 Daedalus (1971 FA),Daedalus,1864,http://ssd.jpl.nasa.gov/sbdb.cgi?sstr=2001864,14.88,2.80902094,6.281161771,2809.020939,6281.161771,1.74544415,3.902931771,9215.948259,20607.48678,FALSE,3/20/2141,2141-Mar-20 05:42,5.40304E+12,22.12996946,79667.89005,49502.52868,0.124160065,48.2982654,18574081.31,11541398.94,Venus
2001864,2001864,1864 Daedalus (1971 FA),Daedalus,1864,http://ssd.jpl.nasa.gov/sbdb.cgi?sstr=2001864,14.88,2.80902094,6.281161771,2809.020939,6281.161771,1.74544415,3.902931771,9215.948259,20607.48678,FALSE,9/30/2144,2144-Sep-30 02:39,5.51449E+12,23.00905665,82832.60395,51468.95883,0.397577494,154.657645,59476746.22,36957136.37,Earth
2001864,2001864,1864 Daedalus (1971 FA),Daedalus,1864,http://ssd.jpl.nasa.gov/sbdb.cgi?sstr=2001864,14.88,2.80902094,6.281161771,2809.020939,6281.161771,1.74544415,3.902931771,9215.948259,20607.48678,FALSE,4/28/2146,2146-Apr-28 15:06,5.56421E+12,27.82548041,100171.7295,62242.81713,0.370463318,144.1102306,55420523.24,34436716.29,Earth
2001864,2001864,1864 Daedalus (1971 FA),Daedalus,1864,http://ssd.jpl.nasa.gov/sbdb.cgi?sstr=2001864,14.88,2.80902094,6.281161771,2809.020939,6281.161771,1.74544415,3.902931771,9215.948259,20607.48678,FALSE,11/11/2151,2151-Nov-11 08:28,5.73898E+12,21.32332167,76763.958,47698.13824,0.303904306,118.2187751,45463436.89,28249669.73,Earth
2001864,2001864,1864 Daedalus (1971 FA),Daedalus,1864,http://ssd.jpl.nasa.gov/sbdb.cgi?sstr=2001864,14.88,2.80902094,6.281161771,2809.020939,6281.161771,1.74544415,3.902931771,9215.948259,20607.48678,FALSE,5/11/2153,2153-May-11 16:06,5.78627E+12,17.50267466,63009.62877,39151.73295,0.308073915,119.840753,46087201.5,28637259.09,Earth
2001864,2001864,1864 Daedalus (1971 FA),Daedalus,1864,http://ssd.jpl.nasa.gov/sbdb.cgi?sstr=2001864,14.88,2.80902094,6.281161771,2809.020939,6281.161771,1.74544415,3.902931771,9215.948259,20607.48678,FALSE,12/10/2158,2158-Dec-10 09:29,5.96241E+12,29.56741454,106442.6923,66139.34958,0.436604607,169.839192,65315119.18,40584933.11,Earth
2001864,2001864,1864 Daedalus (1971 FA),Daedalus,1864,http://ssd.jpl.nasa.gov/sbdb.cgi?sstr=2001864,14.88,2.80902094,6.281161771,2809.020939,6281.161771,1.74544415,3.902931771,9215.948259,20607.48678,FALSE,7/22/2160,2160-Jul-22 21:53,6.01343E+12,20.46455602,73672.40169,45777.16537,0.496340329,193.0763878,74251455.94,46137715.29,Earth
2001864,2001864,1864 Daedalus (1971 FA),Daedalus,1864,http://ssd.jpl.nasa.gov/sbdb.cgi?sstr=2001864,14.88,2.80902094,6.281161771,2809.020939,6281.161771,1.74544415,3.902931771,9215.948259,20607.48678,FALSE,9/2/2167,2167-Sep-02 15:59,6.23788E+12,24.52445864,88288.05109,54858.76152,0.464008435,180.4992812,69414673.54,43132278.07,Earth
2001864,2001864,1864 Daedalus (1971 FA),Daedalus,1864,http://ssd.jpl.nasa.gov/sbdb.cgi?sstr=2001864,14.88,2.80902094,6.281161771,2809.020939,6281.161771,1.74544415,3.902931771,9215.948259,20607.48678,FALSE,10/11/2174,2174-Oct-11 21:28,6.46219E+12,22.06129566,79420.66436,49348.91225,0.367443577,142.9355516,54968776.51,34156013.89,Earth
2001864,2001864,1864 Daedalus (1971 FA),Daedalus,1864,http://ssd.jpl.nasa.gov/sbdb.cgi?sstr=2001864,14.88,2.80902094,6.281161771,2809.020939,6281.161771,1.74544415,3.902931771,9215.948259,20607.48678,FALSE,5/2/2176,2176-May-02 10:29,6.51131E+12,24.93939387,89781.81793,55786.93015,0.315221679,122.6212331,47156491.74,29301685.23,Earth
2001864,2001864,1864 Daedalus (1971 FA),Daedalus,1864,http://ssd.jpl.nasa.gov/sbdb.cgi?sstr=2001864,14.88,2.80902094,6.281161771,2809.020939,6281.161771,1.74544415,3.902931771,9215.948259,20607.48678,FALSE,10/31/2181,2181-Oct-31 23:08,6.68485E+12,23.4364258,84371.13288,52424.94087,0.139150547,54.12956274,20816625.43,12934851.24,Venus
2001864,2001864,1864 Daedalus (1971 FA),Daedalus,1864,http://ssd.jpl.nasa.gov/sbdb.cgi?sstr=2001864,14.88,2.80902094,6.281161771,2809.020939,6281.161771,1.74544415,3.902931771,9215.948259,20607.48678,FALSE,11/20/2181,2181-Nov-20 11:40,6.68654E+12,22.77042624,81973.53446,50935.16645,0.309427638,120.3673512,46289715.56,28763095.49,Earth
2001864,2001864,1864 Daedalus (1971 FA),Daedalus,1864,http://ssd.jpl.nasa.gov/sbdb.cgi?sstr=2001864,14.88,2.80902094,6.281161771,2809.020939,6281.161771,1.74544415,3.902931771,9215.948259,20607.48678,FALSE,5/13/2183,2183-May-13 14:49,6.73312E+12,15.31644263,55139.19347,34261.35052,0.36502668,141.9953784,54607213.78,33931349.22,Earth
2001864,2001864,1864 Daedalus (1971 FA),Daedalus,1864,http://ssd.jpl.nasa.gov/sbdb.cgi?sstr=2001864,14.88,2.80902094,6.281161771,2809.020939,6281.161771,1.74544415,3.902931771,9215.948259,20607.48678,FALSE,8/5/2190,2190-Aug-05 04:08,6.96126E+12,22.60968871,81394.87935,50575.61267,0.497019415,193.3405525,74353045.85,46200840.33,Earth
2001864,2001864,1864 Daedalus (1971 FA),Daedalus,1864,http://ssd.jpl.nasa.gov/sbdb.cgi?sstr=2001864,14.88,2.80902094,6.281161771,2809.020939,6281.161771,1.74544415,3.902931771,9215.948259,20607.48678,FALSE,12/11/2195,2195-Dec-11 06:14,7.1301E+12,21.33408077,76802.69077,47722.20527,0.136306031,53.02304614,20391091.94,12670436.99,Venus
2001864,2001864,1864 Daedalus (1971 FA),Daedalus,1864,http://ssd.jpl.nasa.gov/sbdb.cgi?sstr=2001864,14.88,2.80902094,6.281161771,2809.020939,6281.161771,1.74544415,3.902931771,9215.948259,20607.48678,FALSE,9/13/2197,2197-Sep-13 14:29,7.18559E+12,24.23305588,87239.00116,54206.92269,0.439768211,171.0698339,65788387.58,40879008.46,Earth
2001864,2001864,1864 Daedalus (1971 FA),Daedalus,1864,http://ssd.jpl.nasa.gov/sbdb.cgi?sstr=2001864,14.88,2.80902094,6.281161771,2809.020939,6281.161771,1.74544415,3.902931771,9215.948259,20607.48678,FALSE,4/22/2199,2199-Apr-22 06:44,7.2362E+12,32.6983537,117714.0733,73142.94739,0.497017833,193.3399369,74352809.12,46200693.24,Earth
2001865,2001865,1865 Cerberus (1971 UA),Cerberus,1865,http://ssd.jpl.nasa.gov/sbdb.cgi?sstr=2001865,16.79,1.165614595,2.606393469,1165.614595,2606.393469,0.724279106,1.619537316,3824.194987,8551.15995,FALSE,5/20/1900,1900-May-20 10:55,-2.19694E+12,15.32806857,55181.04684,34287.35658,0.333878306,129.878661,49947483.4,31035927.03,Earth
2001865,2001865,1865 Cerberus (1971 UA),Cerberus,1865,http://ssd.jpl.nasa.gov/sbdb.cgi?sstr=2001865,16.79,1.165614595,2.606393469,1165.614595,2606.393469,0.724279106,1.619537316,3824.194987,8551.15995,FALSE,12/23/1905,1905-Dec-23 15:04,-2.02041E+12,20.57348761,74064.55538,46020.83443,0.105737086,41.13172661,15818042.91,9828876.09,Venus
2001865,2001865,1865 Cerberus (1971 UA),Cerberus,1865,http://ssd.jpl.nasa.gov/sbdb.cgi?sstr=2001865,16.79,1.165614595,2.606393469,1165.614595,2606.393469,0.724279106,1.619537316,3824.194987,8551.15995,FALSE,11/15/1906,1906-Nov-15 20:22,-1.99214E+12,24.35777806,87688.00102,54485.91374,0.339888501,132.2166267,50846595.73,31594609.52,Earth
2001865,2001865,1865 Cerberus (1971 UA),Cerberus,1865,http://ssd.jpl.nasa.gov/sbdb.cgi?sstr=2001865,16.79,1.165614595,2.606393469,1165.614595,2606.393469,0.724279106,1.619537316,3824.194987,8551.15995,FALSE,11/6/1907,1907-Nov-06 00:34,-1.96145E+12,12.30562549,44300.25176,27526.45366,0.395199994,153.7327977,59121077.34,36736133.98,Earth
2001865,2001865,1865 Cerberus (1971 UA),Cerberus,1865,http://ssd.jpl.nasa.gov/sbdb.cgi?sstr=2001865,16.79,1.165614595,2.606393469,1165.614595,2606.393469,0.724279106,1.619537316,3824.194987,8551.15995,FALSE,2/9/1908,1908-Feb-09 11:27,-1.9532E+12,15.42263157,55521.47364,34498.88455,0.424407628,165.0945671,63490477.1,39451153.1,Earth
2001865,2001865,1865 Cerberus (1971 UA),Cerberus,1865,http://ssd.jpl.nasa.gov/sbdb.cgi?sstr=2001865,16.79,1.165614595,2.606393469,1165.614595,2606.393469,0.724279106,1.619537316,3824.194987,8551.15995,FALSE,5/4/1909,1909-May-04 06:51,-1.91434E+12,17.1998719,61919.53884,38474.39345,0.369719637,143.8209387,55309270.15,34367586.82,Earth
2001865,2001865,1865 Cerberus (1971 UA),Cerberus,1865,http://ssd.jpl.nasa.gov/sbdb.cgi?sstr=2001865,16.79,1.165614595,2.606393469,1165.614595,2606.393469,0.724279106,1.619537316,3824.194987,8551.15995,FALSE,7/20/1910,1910-Jul-20 17:46,-1.87611E+12,23.92259783,86121.35218,53512.45908,0.405047278,157.5633911,60594210.01,37651496.18,Earth
2001865,2001865,1865 Cerberus (1971 UA),Cerberus,1865,http://ssd.jpl.nasa.gov/sbdb.cgi?sstr=2001865,16.79,1.165614595,2.606393469,1165.614595,2606.393469,0.724279106,1.619537316,3824.194987,8551.15995,FALSE,9/6/1912,1912-Sep-06 13:20,-1.80882E+12,16.41137534,59080.95121,36710.60549,0.145494478,56.5973521,21765664.07,13524556.51,Venus
2001865,2001865,1865 Cerberus (1971 UA),Cerberus,1865,http://ssd.jpl.nasa.gov/sbdb.cgi?sstr=2001865,16.79,1.165614595,2.606393469,1165.614595,2606.393469,0.724279106,1.619537316,3824.194987,8551.15995,FALSE,11/11/1915,1915-Nov-11 02:21,-1.70855E+12,28.12009055,101232.326,62901.83054,0.452900411,176.1782598,67752936.76,42099722.71,Earth
2001865,2001865,1865 Cerberus (1971 UA),Cerberus,1865,http://ssd.jpl.nasa.gov/sbdb.cgi?sstr=2001865,16.79,1.165614595,2.606393469,1165.614595,2606.393469,0.724279106,1.619537316,3824.194987,8551.15995,FALSE,11/14/1916,1916-Nov-14 00:33,-1.67668E+12,11.8847167,42784.98011,26584.92278,0.320247631,124.5763286,47908363.52,29768876.69,Earth
2001865,2001865,1865 Cerberus (1971 UA),Cerberus,1865,http://ssd.jpl.nasa.gov/sbdb.cgi?sstr=2001865,16.79,1.165614595,2.606393469,1165.614595,2606.393469,0.724279106,1.619537316,3824.194987,8551.15995,FALSE,1/16/1917,1917-Jan-16 05:48,-1.67121E+12,10.20559611,36740.14601,22828.89795,0.385769881,150.0644839,57710352.57,35859550.26,Earth
2001865,2001865,1865 Cerberus (1971 UA),Cerberus,1865,http://ssd.jpl.nasa.gov/sbdb.cgi?sstr=2001865,16.79,1.165614595,2.606393469,1165.614595,2606.393469,0.724279106,1.619537316,3824.194987,8551.15995,FALSE,4/19/1918,1918-Apr-19 22:34,-1.63158E+12,18.65080719,67142.90588,41719.9906,0.397652826,154.6869493,59488015.75,36964138.94,Earth
2001865,2001865,1865 Cerberus (1971 UA),Cerberus,1865,http://ssd.jpl.nasa.gov/sbdb.cgi?sstr=2001865,16.79,1.165614595,2.606393469,1165.614595,2606.393469,0.724279106,1.619537316,3824.194987,8551.15995,FALSE,7/13/1919,1919-Jul-13 21:18,-1.59271E+12,20.34900678,73256.42441,45518.69327,0.322786913,125.5641093,48288234.71,30004917.7,Earth
2001865,2001865,1865 Cerberus (1971 UA),Cerberus,1865,http://ssd.jpl.nasa.gov/sbdb.cgi?sstr=2001865,16.79,1.165614595,2.606393469,1165.614595,2606.393469,0.724279106,1.619537316,3824.194987,8551.15995,FALSE,11/22/1925,1925-Nov-22 05:08,-1.39197E+12,12.16862853,43807.06271,27220.00516,0.236002166,91.80484254,35305421.33,21937771.55,Earth
2001865,2001865,1865 Cerberus (1971 UA),Cerberus,1865,http://ssd.jpl.nasa.gov/sbdb.cgi?sstr=2001865,16.79,1.165614595,2.606393469,1165.614595,2606.393469,0.724279106,1.619537316,3824.194987,8551.15995,FALSE,4/6/1927,1927-Apr-06 14:30,-1.34874E+12,19.55121105,70384.35978,43734.104,0.418904958,162.9540287,62667289.46,38939648.02,Earth
2001865,2001865,1865 Cerberus (1971 UA),Cerberus,1865,http://ssd.jpl.nasa.gov/sbdb.cgi?sstr=2001865,16.79,1.165614595,2.606393469,1165.614595,2606.393469,0.724279106,1.619537316,3824.194987,8551.15995,FALSE,7/5/1928,1928-Jul-05 03:15,-1.30938E+12,17.06253494,61425.12578,38167.1844,0.272303388,105.9260179,40736006.84,25312180.91,Earth
2001865,2001865,1865 Cerberus (1971 UA),Cerberus,1865,http://ssd.jpl.nasa.gov/sbdb.cgi?sstr=2001865,16.79,1.165614595,2.606393469,1165.614595,2606.393469,0.724279106,1.619537316,3824.194987,8551.15995,FALSE,10/12/1931,1931-Oct-12 15:46,-1.20617E+12,16.81334675,60528.04831,37609.77535,0.09900866,38.51436886,14811484.69,9203429.819,Venus
2001865,2001865,1865 Cerberus (1971 UA),Cerberus,1865,http://ssd.jpl.nasa.gov/sbdb.cgi?sstr=2001865,16.79,1.165614595,2.606393469,1165.614595,2606.393469,0.724279106,1.619537316,3824.194987,8551.15995,FALSE,11/25/1934,1934-Nov-25 17:13,-1.10767E+12,14.00063804,50402.29695,31318.02724,0.168638359,65.60032173,25227939.34,15675914.6,Earth
2001865,2001865,1865 Cerberus (1971 UA),Cerberus,1865,http://ssd.jpl.nasa.gov/sbdb.cgi?sstr=2001865,16.79,1.165614595,2.606393469,1165.614595,2606.393469,0.724279106,1.619537316,3824.194987,8551.15995,FALSE,3/24/1936,1936-Mar-24 03:36,-1.06582E+12,19.79656367,71267.62921,44282.93327,0.432776138,168.3499178,64742388.46,40229054.74,Earth
2001865,2001865,1865 Cerberus (1971 UA),Cerberus,1865,http://ssd.jpl.nasa.gov/sbdb.cgi?sstr=2001865,16.79,1.165614595,2.606393469,1165.614595,2606.393469,0.724279106,1.619537316,3824.194987,8551.15995,FALSE,6/24/1937,1937-Jun-24 12:04,-1.0263E+12,14.45534301,52039.23484,32335.15678,0.265628443,103.3294645,39737449.34,24691706.05,Earth
2001865,2001865,1865 Cerberus (1971 UA),Cerberus,1865,http://ssd.jpl.nasa.gov/sbdb.cgi?sstr=2001865,16.79,1.165614595,2.606393469,1165.614595,2606.393469,0.724279106,1.619537316,3824.194987,8551.15995,FALSE,11/24/1943,1943-Nov-24 14:43,-8.23771E+11,17.01438543,61251.78756,38059.47878,0.163059043,63.42996757,24393285.46,15157284.73,Earth
2001865,2001865,1865 Cerberus (1971 UA),Cerberus,1865,http://ssd.jpl.nasa.gov/sbdb.cgi?sstr=2001865,16.79,1.165614595,2.606393469,1165.614595,2606.393469,0.724279106,1.619537316,3824.194987,8551.15995,FALSE,3/11/1945,1945-Mar-11 09:19,-7.82923E+11,19.36684289,69720.63441,43321.69087,0.440231008,171.2498621,65857621.09,40922028.17,Earth
2001865,2001865,1865 Cerberus (1971 UA),Cerberus,1865,http://ssd.jpl.nasa.gov/sbdb.cgi?sstr=2001865,16.79,1.165614595,2.606393469,1165.614595,2606.393469,0.724279106,1.619537316,3824.194987,8551.15995,FALSE,6/8/1946,1946-Jun-08 05:40,-7.43711E+11,13.85019298,49860.69473,30981.49668,0.29521225,114.8375653,44163123.81,27441692.65,Earth
2001865,2001865,1865 Cerberus (1971 UA),Cerberus,1865,http://ssd.jpl.nasa.gov/sbdb.cgi?sstr=2001865,16.79,1.165614595,2.606393469,1165.614595,2606.393469,0.724279106,1.619537316,3824.194987,8551.15995,FALSE,5/9/1949,1949-May-09 12:07,-6.51585E+11,13.90056398,50042.03034,31094.17158,0.059986368,23.33469715,8973832.882,5576081.186,Mars
2001865,2001865,1865 Cerberus (1971 UA),Cerberus,1865,http://ssd.jpl.nasa.gov/sbdb.cgi?sstr=2001865,16.79,1.165614595,2.606393469,1165.614595,2606.393469,0.724279106,1.619537316,3824.194987,8551.15995,FALSE,11/15/1950,1950-Nov-15 06:35,-6.03653E+11,18.38755177,66195.18637,41131.11455,0.07609277,29.60008753,11383316.31,7073264.766,Venus
2001865,2001865,1865 Cerberus (1971 UA),Cerberus,1865,http://ssd.jpl.nasa.gov/sbdb.cgi?sstr=2001865,16.79,1.165614595,2.606393469,1165.614595,2606.393469,0.724279106,1.619537316,3824.194987,8551.15995,FALSE,11/20/1952,1952-Nov-20 08:21,-5.40056E+11,20.51189765,73842.83153,45883.06385,0.233721778,90.91777168,34964280.18,21725796.26,Earth
2001865,2001865,1865 Cerberus (1971 UA),Cerberus,1865,http://ssd.jpl.nasa.gov/sbdb.cgi?sstr=2001865,16.79,1.165614595,2.606393469,1165.614595,2606.393469,0.724279106,1.619537316,3824.194987,8551.15995,FALSE,10/28/1953,1953-Oct-28 15:39,-5.10481E+11,12.77275964,45981.93471,28571.38604,0.458602949,178.3965471,68606024.33,42629806.75,Earth
2001865,2001865,1865 Cerberus (1971 UA),Cerberus,1865,http://ssd.jpl.nasa.gov/sbdb.cgi?sstr=2001865,16.79,1.165614595,2.606393469,1165.614595,2606.393469,0.724279106,1.619537316,3824.194987,8551.15995,FALSE,2/25/1954,1954-Feb-25 14:52,-5.00116E+11,18.04256932,64953.24954,40359.42331,0.438857803,170.7156852,65652192.5,40794380.76,Earth
2001865,2001865,1865 Cerberus (1971 UA),Cerberus,1865,http://ssd.jpl.nasa.gov/sbdb.cgi?sstr=2001865,16.79,1.165614595,2.606393469,1165.614595,2606.393469,0.724279106,1.619537316,3824.194987,8551.15995,FALSE,5/21/1955,1955-May-21 11:03,-4.6125E+11,15.32790947,55180.4741,34287.0007,0.334352416,130.0630897,50018409.23,31079998.3,Earth
2001865,2001865,1865 Cerberus (1971 UA),Cerberus,1865,http://ssd.jpl.nasa.gov/sbdb.cgi?sstr=2001865,16.79,1.165614595,2.606393469,1165.614595,2606.393469,0.724279106,1.619537316,3824.194987,8551.15995,FALSE,11/15/1961,1961-Nov-15 20:54,-2.56446E+11,24.33867449,87619.22817,54443.18097,0.340588548,132.4889453,50951321.37,31659683.02,Earth
2001865,2001865,1865 Cerberus (1971 UA),Cerberus,1865,http://ssd.jpl.nasa.gov/sbdb.cgi?sstr=2001865,16.79,1.165614595,2.606393469,1165.614595,2606.393469,0.724279106,1.619537316,3824.194987,8551.15995,FALSE,11/6/1962,1962-Nov-06 01:49,-2.25757E+11,12.29225429,44252.11544,27496.54362,0.394840326,153.5928866,59067271.68,36702700.7,Earth
2001865,2001865,1865 Cerberus (1971 UA),Cerberus,1865,http://ssd.jpl.nasa.gov/sbdb.cgi?sstr=2001865,16.79,1.165614595,2.606393469,1165.614595,2606.393469,0.724279106,1.619537316,3824.194987,8551.15995,FALSE,2/9/1963,1963-Feb-09 10:37,-2.17517E+11,15.43320169,55559.52607,34522.52885,0.424179225,165.0057187,63456308.62,39429921.79,Earth
2001865,2001865,1865 Cerberus (1971 UA),Cerberus,1865,http://ssd.jpl.nasa.gov/sbdb.cgi?sstr=2001865,16.79,1.165614595,2.606393469,1165.614595,2606.393469,0.724279106,1.619537316,3824.194987,8551.15995,FALSE,5/4/1964,1964-May-04 03:59,-1.78661E+11,17.22159186,61997.73068,38522.97882,0.370144118,143.9860617,55372771.57,34407044.78,Earth
2001865,2001865,1865 Cerberus (1971 UA),Cerberus,1865,http://ssd.jpl.nasa.gov/sbdb.cgi?sstr=2001865,16.79,1.165614595,2.606393469,1165.614595,2606.393469,0.724279106,1.619537316,3824.194987,8551.15995,FALSE,7/20/1965,1965-Jul-20 16:35,-1.40427E+11,23.82825271,85781.70975,53301.41848,0.403682889,157.0326438,60390100.35,37524668.32,Earth
2001865,2001865,1865 Cerberus (1971 UA),Cerberus,1865,http://ssd.jpl.nasa.gov/sbdb.cgi?sstr=2001865,16.79,1.165614595,2.606393469,1165.614595,2606.393469,0.724279106,1.619537316,3824.194987,8551.15995,FALSE,12/15/1969,1969-Dec-15 22:45,-1386900000,20.34073004,73226.62813,45500.17902,0.102116458,39.72330201,15276404.55,9492317.622,Venus
2001865,2001865,1865 Cerberus (1971 UA),Cerberus,1865,http://ssd.jpl.nasa.gov/sbdb.cgi?sstr=2001865,16.79,1.165614595,2.606393469,1165.614595,2606.393469,0.724279106,1.619537316,3824.194987,8551.15995,FALSE,11/10/1970,1970-Nov-10 23:28,27127680000,28.25345655,101712.4436,63200.15695,0.45794497,178.1405933,68507592.06,42568643.77,Earth
2001865,2001865,1865 Cerberus (1971 UA),Cerberus,1865,http://ssd.jpl.nasa.gov/sbdb.cgi?sstr=2001865,16.79,1.165614595,2.606393469,1165.614595,2606.393469,0.724279106,1.619537316,3824.194987,8551.15995,FALSE,11/15/1971,1971-Nov-15 08:00,59040000000,11.89389914,42818.03691,26605.46299,0.317463334,123.493237,47491838.61,29510060.12,Earth
2001865,2001865,1865 Cerberus (1971 UA),Cerberus,1865,http://ssd.jpl.nasa.gov/sbdb.cgi?sstr=2001865,16.79,1.165614595,2.606393469,1165.614595,2606.393469,0.724279106,1.619537316,3824.194987,8551.15995,FALSE,1/15/1972,1972-Jan-15 18:55,64349700000,9.819952496,35351.82899,21966.25174,0.383534265,149.194829,57375909.1,35651736.72,Earth
2001865,2001865,1865 Cerberus (1971 UA),Cerberus,1865,http://ssd.jpl.nasa.gov/sbdb.cgi?sstr=2001865,16.79,1.165614595,2.606393469,1165.614595,2606.393469,0.724279106,1.619537316,3824.194987,8551.15995,FALSE,4/19/1973,1973-Apr-19 13:59,1.04076E+11,18.70394888,67334.21598,41838.86326,0.39828134,154.9314412,59582040.11,37022562.97,Earth
2001865,2001865,1865 Cerberus (1971 UA),Cerberus,1865,http://ssd.jpl.nasa.gov/sbdb.cgi?sstr=2001865,16.79,1.165614595,2.606393469,1165.614595,2606.393469,0.724279106,1.619537316,3824.194987,8551.15995,FALSE,7/13/1974,1974-Jul-13 19:54,1.42977E+11,20.25459452,72916.54026,45307.50247,0.321717786,125.1482186,48128295.45,29905536.06,Earth
2001865,2001865,1865 Cerberus (1971 UA),Cerberus,1865,http://ssd.jpl.nasa.gov/sbdb.cgi?sstr=2001865,16.79,1.165614595,2.606393469,1165.614595,2606.393469,0.724279106,1.619537316,3824.194987,8551.15995,FALSE,8/29/1976,1976-Aug-29 19:37,2.10195E+11,16.44434144,59199.62918,36784.34736,0.147537241,57.39198667,22071256.97,13714443.13,Venus
2001865,2001865,1865 Cerberus (1971 UA),Cerberus,1865,http://ssd.jpl.nasa.gov/sbdb.cgi?sstr=2001865,16.79,1.165614595,2.606393469,1165.614595,2606.393469,0.724279106,1.619537316,3824.194987,8551.15995,FALSE,11/22/1980,1980-Nov-22 08:09,3.43729E+11,12.17540566,43831.46037,27235.16492,0.235868379,91.75279928,35285407.04,21925335.24,Earth
2001865,2001865,1865 Cerberus (1971 UA),Cerberus,1865,http://ssd.jpl.nasa.gov/sbdb.cgi?sstr=2001865,16.79,1.165614595,2.606393469,1165.614595,2606.393469,0.724279106,1.619537316,3824.194987,8551.15995,FALSE,4/6/1982,1982-Apr-06 11:44,3.86941E+11,19.58114091,70492.10726,43801.05409,0.418840386,162.92891,62657629.57,38933645.64,Earth
2001865,2001865,1865 Cerberus (1971 UA),Cerberus,1865,http://ssd.jpl.nasa.gov/sbdb.cgi?sstr=2001865,16.79,1.165614595,2.606393469,1165.614595,2606.393469,0.724279106,1.619537316,3824.194987,8551.15995,FALSE,7/6/1983,1983-Jul-06 01:18,4.26302E+11,16.98908536,61160.70729,38002.88504,0.272366524,105.9505779,40745451.86,25318049.78,Earth
2001865,2001865,1865 Cerberus (1971 UA),Cerberus,1865,http://ssd.jpl.nasa.gov/sbdb.cgi?sstr=2001865,16.79,1.165614595,2.606393469,1165.614595,2606.393469,0.724279106,1.619537316,3824.194987,8551.15995,FALSE,11/25/1989,1989-Nov-25 18:41,6.28022E+11,14.04710694,50569.58499,31421.97352,0.168930071,65.71379746,25271578.74,15703030.87,Earth
2001865,2001865,1865 Cerberus (1971 UA),Cerberus,1865,http://ssd.jpl.nasa.gov/sbdb.cgi?sstr=2001865,16.79,1.165614595,2.606393469,1165.614595,2606.393469,0.724279106,1.619537316,3824.194987,8551.15995,FALSE,3/25/1991,1991-Mar-25 02:03,6.69867E+11,19.82244121,71360.78837,44340.81875,0.432554202,168.2635846,64709187.28,40208424.49,Earth
2001865,2001865,1865 Cerberus (1971 UA),Cerberus,1865,http://ssd.jpl.nasa.gov/sbdb.cgi?sstr=2001865,16.79,1.165614595,2.606393469,1165.614595,2606.393469,0.724279106,1.619537316,3824.194987,8551.15995,FALSE,6/24/1992,1992-Jun-24 14:20,7.09396E+11,14.4263112,51934.72032,32270.21553,0.266489514,103.6644208,39866263.6,24771747.52,Earth
2001865,2001865,1865 Cerberus (1971 UA),Cerberus,1865,http://ssd.jpl.nasa.gov/sbdb.cgi?sstr=2001865,16.79,1.165614595,2.606393469,1165.614595,2606.393469,0.724279106,1.619537316,3824.194987,8551.15995,FALSE,10/6/1995,1995-Oct-06 06:27,8.12961E+11,16.93061713,60950.22166,37872.09745,0.09508653,36.98865998,14224742.28,8838844.989,Venus
2001865,2001865,1865 Cerberus (1971 UA),Cerberus,1865,http://ssd.jpl.nasa.gov/sbdb.cgi?sstr=2001865,16.79,1.165614595,2.606393469,1165.614595,2606.393469,0.724279106,1.619537316,3824.194987,8551.15995,FALSE,11/24/1998,1998-Nov-24 17:55,9.1193E+11,16.90963886,60874.6999,37825.17117,0.163403717,63.56404595,24444848.03,15189324.23,Earth
2001865,2001865,1865 Cerberus (1971 UA),Cerberus,1865,http://ssd.jpl.nasa.gov/sbdb.cgi?sstr=2001865,16.79,1.165614595,2.606393469,1165.614595,2606.393469,0.724279106,1.619537316,3824.194987,8551.15995,FALSE,3/11/2000,2000-Mar-11 19:05,9.52802E+11,19.40309281,69851.1341,43402.7783,0.439748339,171.0621038,65785414.84,40877161.28,Earth
2001865,2001865,1865 Cerberus (1971 UA),Cerberus,1865,http://ssd.jpl.nasa.gov/sbdb.cgi?sstr=2001865,16.79,1.165614595,2.606393469,1165.614595,2606.393469,0.724279106,1.619537316,3824.194987,8551.15995,FALSE,6/8/2001,2001-Jun-08 15:39,9.92015E+11,13.82936641,49785.71909,30934.90973,0.294887283,114.711153,44114509.4,27411485.05,Earth
2001865,2001865,1865 Cerberus (1971 UA),Cerberus,1865,http://ssd.jpl.nasa.gov/sbdb.cgi?sstr=2001865,16.79,1.165614595,2.606393469,1165.614595,2606.393469,0.724279106,1.619537316,3824.194987,8551.15995,FALSE,11/21/2007,2007-Nov-21 10:00,1.19564E+12,20.47673566,73716.24838,45804.41,0.234087964,91.06021796,35019060.79,21759835.36,Earth
2001865,2001865,1865 Cerberus (1971 UA),Cerberus,1865,http://ssd.jpl.nasa.gov/sbdb.cgi?sstr=2001865,16.79,1.165614595,2.606393469,1165.614595,2606.393469,0.724279106,1.619537316,3824.194987,8551.15995,FALSE,10/28/2008,2008-Oct-28 14:08,1.2252E+12,12.79240385,46052.65385,28615.32817,0.458826679,178.4835782,68639493.92,42650603.79,Earth
2001865,2001865,1865 Cerberus (1971 UA),Cerberus,1865,http://ssd.jpl.nasa.gov/sbdb.cgi?sstr=2001865,16.79,1.165614595,2.606393469,1165.614595,2606.393469,0.724279106,1.619537316,3824.194987,8551.15995,FALSE,2/25/2009,2009-Feb-25 19:47,1.23559E+12,18.06325255,65027.70919,40405.68963,0.438678991,170.6461275,65625442.65,40777759.17,Earth
2001865,2001865,1865 Cerberus (1971 UA),Cerberus,1865,http://ssd.jpl.nasa.gov/sbdb.cgi?sstr=2001865,16.79,1.165614595,2.606393469,1165.614595,2606.393469,0.724279106,1.619537316,3824.194987,8551.15995,FALSE,5/21/2010,2010-May-21 14:08,1.27445E+12,15.34134196,55228.83107,34317.04784,0.334599823,130.1593312,50055420.85,31102996.25,Earth
2001865,2001865,1865 Cerberus (1971 UA),Cerberus,1865,http://ssd.jpl.nasa.gov/sbdb.cgi?sstr=2001865,16.79,1.165614595,2.606393469,1165.614595,2606.393469,0.724279106,1.619537316,3824.194987,8551.15995,FALSE,11/8/2014,2014-Nov-08 00:29,1.41541E+12,18.38679667,66192.46801,41129.42547,0.076851913,29.89539423,11496882.52,7143831.534,Venus
2001865,2001865,1865 Cerberus (1971 UA),Cerberus,1865,http://ssd.jpl.nasa.gov/sbdb.cgi?sstr=2001865,16.79,1.165614595,2.606393469,1165.614595,2606.393469,0.724279106,1.619537316,3824.194987,8551.15995,FALSE,11/16/2016,2016-Nov-16 01:42,1.47926E+12,24.25621069,87322.35849,54258.71769,0.338757839,131.7767993,50677451.15,31489507.95,Earth
2001865,2001865,1865 Cerberus (1971 UA),Cerberus,1865,http://ssd.jpl.nasa.gov/sbdb.cgi?sstr=2001865,16.79,1.165614595,2.606393469,1165.614595,2606.393469,0.724279106,1.619537316,3824.194987,8551.15995,FALSE,11/5/2017,2017-Nov-05 22:35,1.50992E+12,12.30194778,44287.01202,27518.227,0.396827056,154.3657247,59364482.29,36887378.81,Earth
2001865,2001865,1865 Cerberus (1971 UA),Cerberus,1865,http://ssd.jpl.nasa.gov/sbdb.cgi?sstr=2001865,16.79,1.165614595,2.606393469,1165.614595,2606.393469,0.724279106,1.619537316,3824.194987,8551.15995,FALSE,2/10/2018,2018-Feb-10 01:58,1.51823E+12,15.52873563,55903.44828,34736.22874,0.424619074,165.1768199,63522109.06,39470808.29,Earth
2001865,2001865,1865 Cerberus (1971 UA),Cerberus,1865,http://ssd.jpl.nasa.gov/sbdb.cgi?sstr=2001865,16.79,1.165614595,2.606393469,1165.614595,2606.393469,0.724279106,1.619537316,3824.194987,8551.15995,FALSE,12/11/2018,2018-Dec-11 17:52,1.54455E+12,13.82480877,49769.31156,30924.71473,0.055042265,21.41144093,8234205.544,5116498.07,Mars
2001865,2001865,1865 Cerberus (1971 UA),Cerberus,1865,http://ssd.jpl.nasa.gov/sbdb.cgi?sstr=2001865,16.79,1.165614595,2.606393469,1165.614595,2606.393469,0.724279106,1.619537316,3824.194987,8551.15995,FALSE,5/5/2019,2019-May-05 18:25,1.55708E+12,17.15489677,61757.62837,38373.78858,0.369009321,143.5446258,55203008.4,34301558.84,Earth
2001865,2001865,1865 Cerberus (1971 UA),Cerberus,1865,http://ssd.jpl.nasa.gov/sbdb.cgi?sstr=2001865,16.79,1.165614595,2.606393469,1165.614595,2606.393469,0.724279106,1.619537316,3824.194987,8551.15995,FALSE,7/21/2020,2020-Jul-21 01:08,1.59529E+12,23.97739428,86318.61941,53635.03327,0.407692559,158.5924055,60989938.46,37897390.43,Earth
2001865,2001865,1865 Cerberus (1971 UA),Cerberus,1865,http://ssd.jpl.nasa.gov/sbdb.cgi?sstr=2001865,16.79,1.165614595,2.606393469,1165.614595,2606.393469,0.724279106,1.619537316,3824.194987,8551.15995,FALSE,11/11/2025,2025-Nov-11 05:42,1.76284E+12,28.10756227,101187.2242,62873.80603,0.453767514,176.515563,67882653.58,42180325.01,Earth
2001865,2001865,1865 Cerberus (1971 UA),Cerberus,1865,http://ssd.jpl.nasa.gov/sbdb.cgi?sstr=2001865,16.79,1.165614595,2.606393469,1165.614595,2606.393469,0.724279106,1.619537316,3824.194987,8551.15995,FALSE,11/14/2026,2026-Nov-14 23:14,1.7947E+12,11.89772161,42831.7978,26614.01347,0.32074119,124.7683228,47982198.82,29814755.82,Earth
2001865,2001865,1865 Cerberus (1971 UA),Cerberus,1865,http://ssd.jpl.nasa.gov/sbdb.cgi?sstr=2001865,16.79,1.165614595,2.606393469,1165.614595,2606.393469,0.724279106,1.619537316,3824.194987,8551.15995,FALSE,1/17/2027,2027-Jan-17 19:34,1.80021E+12,10.34452425,37240.28731,23139.6663,0.386096244,150.1914388,57759175.67,35889887.53,Earth
2001865,2001865,1865 Cerberus (1971 UA),Cerberus,1865,http://ssd.jpl.nasa.gov/sbdb.cgi?sstr=2001865,16.79,1.165614595,2.606393469,1165.614595,2606.393469,0.724279106,1.619537316,3824.194987,8551.15995,FALSE,4/20/2028,2028-Apr-20 02:09,1.83981E+12,18.670023,67212.0828,41762.97445,0.397594019,154.6640732,59479218.29,36958672.45,Earth
2001865,2001865,1865 Cerberus (1971 UA),Cerberus,1865,http://ssd.jpl.nasa.gov/sbdb.cgi?sstr=2001865,16.79,1.165614595,2.606393469,1165.614595,2606.393469,0.724279106,1.619537316,3824.194987,8551.15995,FALSE,7/14/2029,2029-Jul-14 03:35,1.87869E+12,20.34092127,73227.31656,45500.60678,0.323954658,126.0183619,48462926.78,30113466.32,Earth
2001865,2001865,1865 Cerberus (1971 UA),Cerberus,1865,http://ssd.jpl.nasa.gov/sbdb.cgi?sstr=2001865,16.79,1.165614595,2.606393469,1165.614595,2606.393469,0.724279106,1.619537316,3824.194987,8551.15995,FALSE,12/8/2033,2033-Dec-08 22:33,2.01769E+12,20.44083623,73587.01042,45724.10655,0.10481221,40.77194981,15679683.41,9742903.487,Venus
2001865,2001865,1865 Cerberus (1971 UA),Cerberus,1865,http://ssd.jpl.nasa.gov/sbdb.cgi?sstr=2001865,16.79,1.165614595,2.606393469,1165.614595,2606.393469,0.724279106,1.619537316,3824.194987,8551.15995,FALSE,11/23/2035,2035-Nov-23 07:56,2.07942E+12,12.18190003,43854.84011,27249.69218,0.237186955,92.26572557,35482663.29,22047904.59,Earth
2001865,2001865,1865 Cerberus (1971 UA),Cerberus,1865,http://ssd.jpl.nasa.gov/sbdb.cgi?sstr=2001865,16.79,1.165614595,2.606393469,1165.614595,2606.393469,0.724279106,1.619537316,3824.194987,8551.15995,FALSE,4/6/2037,2037-Apr-06 18:08,2.12265E+12,19.57010552,70452.37986,43776.36903,0.418254686,162.7010729,62570010.17,38879201.47,Earth
2001865,2001865,1865 Cerberus (1971 UA),Cerberus,1865,http://ssd.jpl.nasa.gov/sbdb.cgi?sstr=2001865,16.79,1.165614595,2.606393469,1165.614595,2606.393469,0.724279106,1.619537316,3824.194987,8551.15995,FALSE,7/6/2038,2038-Jul-06 08:43,2.16202E+12,17.05482209,61397.35954,38149.93154,0.273608322,106.4336373,40931222.19,25433482.1,Earth
2001865,2001865,1865 Cerberus (1971 UA),Cerberus,1865,http://ssd.jpl.nasa.gov/sbdb.cgi?sstr=2001865,16.79,1.165614595,2.606393469,1165.614595,2606.393469,0.724279106,1.619537316,3824.194987,8551.15995,FALSE,8/23/2040,2040-Aug-23 12:20,2.22934E+12,16.47594181,59313.39052,36855.03424,0.143077422,55.65711704,21404077.53,13299877.05,Venus
2001865,2001865,1865 Cerberus (1971 UA),Cerberus,1865,http://ssd.jpl.nasa.gov/sbdb.cgi?sstr=2001865,16.79,1.165614595,2.606393469,1165.614595,2606.393469,0.724279106,1.619537316,3824.194987,8551.15995,FALSE,11/25/2044,2044-Nov-25 18:55,2.36371E+12,13.97090759,50295.26733,31251.52319,0.170926545,66.49042604,25570247.07,15888614.77,Earth
2001865,2001865,1865 Cerberus (1971 UA),Cerberus,1865,http://ssd.jpl.nasa.gov/sbdb.cgi?sstr=2001865,16.79,1.165614595,2.606393469,1165.614595,2606.393469,0.724279106,1.619537316,3824.194987,8551.15995,FALSE,3/25/2046,2046-Mar-25 09:13,2.40558E+12,19.84700585,71449.22104,44395.76738,0.432179901,168.1179815,64653192.65,40173631.03,Earth
2001865,2001865,1865 Cerberus (1971 UA),Cerberus,1865,http://ssd.jpl.nasa.gov/sbdb.cgi?sstr=2001865,16.79,1.165614595,2.606393469,1165.614595,2606.393469,0.724279106,1.619537316,3824.194987,8551.15995,FALSE,6/25/2047,2047-Jun-25 23:31,2.44512E+12,14.45261038,52029.39738,32329.04416,0.266971127,103.8517685,39938312,24816516.32,Earth
2001865,2001865,1865 Cerberus (1971 UA),Cerberus,1865,http://ssd.jpl.nasa.gov/sbdb.cgi?sstr=2001865,16.79,1.165614595,2.606393469,1165.614595,2606.393469,0.724279106,1.619537316,3824.194987,8551.15995,FALSE,11/24/2053,2053-Nov-24 20:48,2.64763E+12,16.87587577,60753.15276,37749.6465,0.164481042,63.98312545,24606013.58,15289467.86,Earth
2001865,2001865,1865 Cerberus (1971 UA),Cerberus,1865,http://ssd.jpl.nasa.gov/sbdb.cgi?sstr=2001865,16.79,1.165614595,2.606393469,1165.614595,2606.393469,0.724279106,1.619537316,3824.194987,8551.15995,FALSE,3/13/2055,2055-Mar-13 00:46,2.68851E+12,19.43454251,69964.35303,43473.12814,0.439260184,170.8722115,65712387.86,40831784.42,Earth
2001865,2001865,1865 Cerberus (1971 UA),Cerberus,1865,http://ssd.jpl.nasa.gov/sbdb.cgi?sstr=2001865,16.79,1.165614595,2.606393469,1165.614595,2606.393469,0.724279106,1.619537316,3824.194987,8551.15995,FALSE,6/9/2056,2056-Jun-09 01:43,2.72774E+12,13.80047912,49681.72484,30870.29175,0.294818688,114.6844696,44104247.76,27405108.77,Earth
2001865,2001865,1865 Cerberus (1971 UA),Cerberus,1865,http://ssd.jpl.nasa.gov/sbdb.cgi?sstr=2001865,16.79,1.165614595,2.606393469,1165.614595,2606.393469,0.724279106,1.619537316,3824.194987,8551.15995,FALSE,9/29/2059,2059-Sep-29 23:05,2.8321E+12,17.07558238,61472.09658,38196.37023,0.091264006,35.50169837,13652900.92,8483519.246,Venus
2001865,2001865,1865 Cerberus (1971 UA),Cerberus,1865,http://ssd.jpl.nasa.gov/sbdb.cgi?sstr=2001865,16.79,1.165614595,2.606393469,1165.614595,2606.393469,0.724279106,1.619537316,3824.194987,8551.15995,FALSE,11/21/2062,2062-Nov-21 15:35,2.93135E+12,20.34225838,73232.13018,45503.59778,0.23126753,89.96306929,34597129.93,21497659.68,Earth
2001865,2001865,1865 Cerberus (1971 UA),Cerberus,1865,http://ssd.jpl.nasa.gov/sbdb.cgi?sstr=2001865,16.79,1.165614595,2.606393469,1165.614595,2606.393469,0.724279106,1.619537316,3824.194987,8551.15995,FALSE,10/29/2063,2063-Oct-29 07:30,2.96087E+12,12.80221998,46087.99193,28637.28588,0.460922159,179.2987197,68952973.16,42845390.76,Earth
2001865,2001865,1865 Cerberus (1971 UA),Cerberus,1865,http://ssd.jpl.nasa.gov/sbdb.cgi?sstr=2001865,16.79,1.165614595,2.606393469,1165.614595,2606.393469,0.724279106,1.619537316,3824.194987,8551.15995,FALSE,2/27/2064,2064-Feb-27 12:15,2.97134E+12,18.17080041,65414.88146,40646.26343,0.438675566,170.6447952,65624930.29,40777440.81,Earth
2001865,2001865,1865 Cerberus (1971 UA),Cerberus,1865,http://ssd.jpl.nasa.gov/sbdb.cgi?sstr=2001865,16.79,1.165614595,2.606393469,1165.614595,2606.393469,0.724279106,1.619537316,3824.194987,8551.15995,FALSE,5/22/2065,2065-May-22 06:54,3.0102E+12,15.28318196,55019.45506,34186.94973,0.333416967,129.6992003,49878468.13,30993042.93,Earth
2001865,2001865,1865 Cerberus (1971 UA),Cerberus,1865,http://ssd.jpl.nasa.gov/sbdb.cgi?sstr=2001865,16.79,1.165614595,2.606393469,1165.614595,2606.393469,0.724279106,1.619537316,3824.194987,8551.15995,FALSE,11/17/2071,2071-Nov-17 05:46,3.21496E+12,24.20376441,87133.55186,54141.4006,0.337960513,131.4666397,50558172.93,31415391.91,Earth
2001865,2001865,1865 Cerberus (1971 UA),Cerberus,1865,http://ssd.jpl.nasa.gov/sbdb.cgi?sstr=2001865,16.79,1.165614595,2.606393469,1165.614595,2606.393469,0.724279106,1.619537316,3824.194987,8551.15995,FALSE,11/5/2072,2072-Nov-05 20:52,3.2456E+12,12.32848767,44382.55562,27577.59407,0.397400767,154.5888984,59450308.31,36940708.62,Earth
2001865,2001865,1865 Cerberus (1971 UA),Cerberus,1865,http://ssd.jpl.nasa.gov/sbdb.cgi?sstr=2001865,16.79,1.165614595,2.606393469,1165.614595,2606.393469,0.724279106,1.619537316,3824.194987,8551.15995,FALSE,2/10/2073,2073-Feb-10 09:42,3.25395E+12,15.5814579,56093.24846,34854.16319,0.424665454,165.1948617,63529047.41,39475119.58,Earth
2001865,2001865,1865 Cerberus (1971 UA),Cerberus,1865,http://ssd.jpl.nasa.gov/sbdb.cgi?sstr=2001865,16.79,1.165614595,2.606393469,1165.614595,2606.393469,0.724279106,1.619537316,3824.194987,8551.15995,FALSE,5/5/2074,2074-May-05 21:06,3.29278E+12,17.17396999,61826.29196,38416.45347,0.369004216,143.5426401,55202244.78,34301084.34,Earth
2001865,2001865,1865 Cerberus (1971 UA),Cerberus,1865,http://ssd.jpl.nasa.gov/sbdb.cgi?sstr=2001865,16.79,1.165614595,2.606393469,1165.614595,2606.393469,0.724279106,1.619537316,3824.194987,8551.15995,FALSE,7/22/2075,2075-Jul-22 05:16,3.331E+12,23.97745984,86318.85543,53635.17992,0.408275269,158.8190796,61077110.6,37951556.69,Earth
2001865,2001865,1865 Cerberus (1971 UA),Cerberus,1865,http://ssd.jpl.nasa.gov/sbdb.cgi?sstr=2001865,16.79,1.165614595,2.606393469,1165.614595,2606.393469,0.724279106,1.619537316,3824.194987,8551.15995,FALSE,10/31/2078,2078-Oct-31 15:29,3.43446E+12,18.3494573,66058.04629,41045.90104,0.077523995,30.15683386,11597424.45,7206305.393,Venus
2001865,2001865,1865 Cerberus (1971 UA),Cerberus,1865,http://ssd.jpl.nasa.gov/sbdb.cgi?sstr=2001865,16.79,1.165614595,2.606393469,1165.614595,2606.393469,0.724279106,1.619537316,3824.194987,8551.15995,FALSE,11/11/2080,2080-Nov-11 08:14,3.49854E+12,28.0880885,101117.1186,62830.24515,0.453827075,176.5387322,67891563.77,42185861.54,Earth
2001865,2001865,1865 Cerberus (1971 UA),Cerberus,1865,http://ssd.jpl.nasa.gov/sbdb.cgi?sstr=2001865,16.79,1.165614595,2.606393469,1165.614595,2606.393469,0.724279106,1.619537316,3824.194987,8551.15995,FALSE,11/14/2081,2081-Nov-14 22:34,3.53039E+12,11.89130996,42808.71587,26599.67126,0.322070374,125.2853756,48181041.99,29938311.23,Earth
2001865,2001865,1865 Cerberus (1971 UA),Cerberus,1865,http://ssd.jpl.nasa.gov/sbdb.cgi?sstr=2001865,16.79,1.165614595,2.606393469,1165.614595,2606.393469,0.724279106,1.619537316,3824.194987,8551.15995,FALSE,1/18/2082,2082-Jan-18 10:24,3.53596E+12,10.49576904,37784.76853,23477.98576,0.386973234,150.5325879,57890371.51,35971408.84,Earth
2001865,2001865,1865 Cerberus (1971 UA),Cerberus,1865,http://ssd.jpl.nasa.gov/sbdb.cgi?sstr=2001865,16.79,1.165614595,2.606393469,1165.614595,2606.393469,0.724279106,1.619537316,3824.194987,8551.15995,FALSE,4/21/2083,2083-Apr-21 09:46,3.57553E+12,18.65305339,67150.9922,41725.01513,0.396945143,154.4116604,59382147.82,36898355.66,Earth
2001865,2001865,1865 Cerberus (1971 UA),Cerberus,1865,http://ssd.jpl.nasa.gov/sbdb.cgi?sstr=2001865,16.79,1.165614595,2.606393469,1165.614595,2606.393469,0.724279106,1.619537316,3824.194987,8551.15995,FALSE,7/14/2084,2084-Jul-14 10:16,3.61441E+12,20.4059428,73461.39407,45646.05344,0.326075694,126.8434448,48780229.22,30310628.92,Earth
2001865,2001865,1865 Cerberus (1971 UA),Cerberus,1865,http://ssd.jpl.nasa.gov/sbdb.cgi?sstr=2001865,16.79,1.165614595,2.606393469,1165.614595,2606.393469,0.724279106,1.619537316,3824.194987,8551.15995,FALSE,7/14/2088,2088-Jul-14 22:18,3.74068E+12,13.76496808,49553.88507,30790.85709,0.050706534,19.72484188,7585589.541,4713466.775,Mars
2001865,2001865,1865 Cerberus (1971 UA),Cerberus,1865,http://ssd.jpl.nasa.gov/sbdb.cgi?sstr=2001865,16.79,1.165614595,2.606393469,1165.614595,2606.393469,0.724279106,1.619537316,3824.194987,8551.15995,FALSE,11/23/2090,2090-Nov-23 04:43,3.8151E+12,12.16485148,43793.46532,27211.55627,0.238883673,92.92574864,35736488.6,22205624.33,Earth
2001865,2001865,1865 Cerberus (1971 UA),Cerberus,1865,http://ssd.jpl.nasa.gov/sbdb.cgi?sstr=2001865,16.79,1.165614595,2.606393469,1165.614595,2606.393469,0.724279106,1.619537316,3824.194987,8551.15995,FALSE,4/6/2092,2092-Apr-06 22:40,3.85836E+12,19.5630077,70426.82771,43760.49192,0.417924241,162.5725296,62520576.2,38848484.62,Earth
2001865,2001865,1865 Cerberus (1971 UA),Cerberus,1865,http://ssd.jpl.nasa.gov/sbdb.cgi?sstr=2001865,16.79,1.165614595,2.606393469,1165.614595,2606.393469,0.724279106,1.619537316,3824.194987,8551.15995,FALSE,7/6/2093,2093-Jul-06 11:52,3.89772E+12,17.03533655,61327.21157,38106.34432,0.274263496,106.6884999,41029234.79,25494384.31,Earth
2001865,2001865,1865 Cerberus (1971 UA),Cerberus,1865,http://ssd.jpl.nasa.gov/sbdb.cgi?sstr=2001865,16.79,1.165614595,2.606393469,1165.614595,2606.393469,0.724279106,1.619537316,3824.194987,8551.15995,FALSE,12/2/2097,2097-Dec-02 03:44,4.03679E+12,20.64967467,74338.82883,46191.25728,0.109704332,42.67498515,16411534.4,10197654.6,Venus
2001865,2001865,1865 Cerberus (1971 UA),Cerberus,1865,http://ssd.jpl.nasa.gov/sbdb.cgi?sstr=2001865,16.79,1.165614595,2.606393469,1165.614595,2606.393469,0.724279106,1.619537316,3824.194987,8551.15995,FALSE,11/26/2099,2099-Nov-26 21:06,4.09941E+12,13.99481399,50381.33037,31304.99942,0.171680638,66.7837681,25683057.74,15958712.06,Earth
2001865,2001865,1865 Cerberus (1971 UA),Cerberus,1865,http://ssd.jpl.nasa.gov/sbdb.cgi?sstr=2001865,16.79,1.165614595,2.606393469,1165.614595,2606.393469,0.724279106,1.619537316,3824.194987,8551.15995,FALSE,3/26/2101,2101-Mar-26 09:15,4.14127E+12,19.83715485,71413.75747,44373.73169,0.431916111,168.015367,64613730.16,40149110.19,Earth
2001865,2001865,1865 Cerberus (1971 UA),Cerberus,1865,http://ssd.jpl.nasa.gov/sbdb.cgi?sstr=2001865,16.79,1.165614595,2.606393469,1165.614595,2606.393469,0.724279106,1.619537316,3824.194987,8551.15995,FALSE,6/27/2102,2102-Jun-27 00:08,4.18081E+12,14.43477265,51965.18153,32289.14294,0.26759253,104.0934942,40031272.52,24874279.31,Earth
2001865,2001865,1865 Cerberus (1971 UA),Cerberus,1865,http://ssd.jpl.nasa.gov/sbdb.cgi?sstr=2001865,16.79,1.165614595,2.606393469,1165.614595,2606.393469,0.724279106,1.619537316,3824.194987,8551.15995,FALSE,8/18/2104,2104-Aug-18 05:45,4.24848E+12,16.50622399,59422.40637,36922.77245,0.138361097,53.82246685,20698525.45,12861467.32,Venus
2001865,2001865,1865 Cerberus (1971 UA),Cerberus,1865,http://ssd.jpl.nasa.gov/sbdb.cgi?sstr=2001865,16.79,1.165614595,2.606393469,1165.614595,2606.393469,0.724279106,1.619537316,3824.194987,8551.15995,FALSE,11/25/2108,2108-Nov-25 21:12,4.38332E+12,16.92424471,60927.28096,37857.84299,0.166140836,64.6287852,24854315.19,15443755.32,Earth
2001865,2001865,1865 Cerberus (1971 UA),Cerberus,1865,http://ssd.jpl.nasa.gov/sbdb.cgi?sstr=2001865,16.79,1.165614595,2.606393469,1165.614595,2606.393469,0.724279106,1.619537316,3824.194987,8551.15995,FALSE,3/13/2110,2110-Mar-13 21:20,4.42419E+12,19.42461257,69928.60524,43450.91585,0.439129015,170.8211868,65692765.27,40819591.51,Earth
2001865,2001865,1865 Cerberus (1971 UA),Cerberus,1865,http://ssd.jpl.nasa.gov/sbdb.cgi?sstr=2001865,16.79,1.165614595,2.606393469,1165.614595,2606.393469,0.724279106,1.619537316,3824.194987,8551.15995,FALSE,6/10/2111,2111-Jun-10 19:27,4.46341E+12,13.81475432,49733.11554,30902.22393,0.296220249,115.2296768,44313918.29,27535391.99,Earth
2001865,2001865,1865 Cerberus (1971 UA),Cerberus,1865,http://ssd.jpl.nasa.gov/sbdb.cgi?sstr=2001865,16.79,1.165614595,2.606393469,1165.614595,2606.393469,0.724279106,1.619537316,3824.194987,8551.15995,FALSE,11/22/2117,2117-Nov-22 15:15,4.66704E+12,20.4365637,73571.62932,45714.54934,0.234803745,91.33865692,35126140.16,21826371.4,Earth
2001865,2001865,1865 Cerberus (1971 UA),Cerberus,1865,http://ssd.jpl.nasa.gov/sbdb.cgi?sstr=2001865,16.79,1.165614595,2.606393469,1165.614595,2606.393469,0.724279106,1.619537316,3824.194987,8551.15995,FALSE,10/30/2118,2118-Oct-30 15:07,4.69659E+12,12.78304068,46018.94643,28594.38369,0.459155187,178.6113676,68688637.91,42681140.45,Earth
2001865,2001865,1865 Cerberus (1971 UA),Cerberus,1865,http://ssd.jpl.nasa.gov/sbdb.cgi?sstr=2001865,16.79,1.165614595,2.606393469,1165.614595,2606.393469,0.724279106,1.619537316,3824.194987,8551.15995,FALSE,2/28/2119,2119-Feb-28 05:11,4.707E+12,18.13271199,65277.76317,40561.06346,0.438062555,170.4063338,65533225.11,40720457.85,Earth
2001865,2001865,1865 Cerberus (1971 UA),Cerberus,1865,http://ssd.jpl.nasa.gov/sbdb.cgi?sstr=2001865,16.79,1.165614595,2.606393469,1165.614595,2606.393469,0.724279106,1.619537316,3824.194987,8551.15995,FALSE,5/22/2120,2120-May-22 23:11,4.74586E+12,15.31428736,55131.4345,34256.5294,0.334502281,130.1213874,50040828.79,31093929.17,Earth
2001865,2001865,1865 Cerberus (1971 UA),Cerberus,1865,http://ssd.jpl.nasa.gov/sbdb.cgi?sstr=2001865,16.79,1.165614595,2.606393469,1165.614595,2606.393469,0.724279106,1.619537316,3824.194987,8551.15995,FALSE,9/23/2123,2123-Sep-23 03:20,4.85111E+12,17.02285034,61282.26121,38078.41392,0.094289624,36.67866389,14105526.97,8764768.034,Venus
2001865,2001865,1865 Cerberus (1971 UA),Cerberus,1865,http://ssd.jpl.nasa.gov/sbdb.cgi?sstr=2001865,16.79,1.165614595,2.606393469,1165.614595,2606.393469,0.724279106,1.619537316,3824.194987,8551.15995,FALSE,11/18/2126,2126-Nov-18 05:30,4.95065E+12,24.24145316,87269.23138,54225.70658,0.340343215,132.3935107,50914620.05,31636877.88,Earth
2001865,2001865,1865 Cerberus (1971 UA),Cerberus,1865,http://ssd.jpl.nasa.gov/sbdb.cgi?sstr=2001865,16.79,1.165614595,2.606393469,1165.614595,2606.393469,0.724279106,1.619537316,3824.194987,8551.15995,FALSE,11/7/2127,2127-Nov-07 23:35,4.9813E+12,12.3237894,44365.64185,27567.08451,0.396227255,154.132402,59274753.31,36831623.8,Earth
2001865,2001865,1865 Cerberus (1971 UA),Cerberus,1865,http://ssd.jpl.nasa.gov/sbdb.cgi?sstr=2001865,16.79,1.165614595,2.606393469,1165.614595,2606.393469,0.724279106,1.619537316,3824.194987,8551.15995,FALSE,2/12/2128,2128-Feb-12 04:24,4.98962E+12,15.5630613,56027.02067,34813.01182,0.424105789,164.9771518,63445322.66,39423095.43,Earth
2001865,2001865,1865 Cerberus (1971 UA),Cerberus,1865,http://ssd.jpl.nasa.gov/sbdb.cgi?sstr=2001865,16.79,1.165614595,2.606393469,1165.614595,2606.393469,0.724279106,1.619537316,3824.194987,8551.15995,FALSE,5/6/2129,2129-May-06 15:02,5.02845E+12,17.22777346,62019.98444,38536.80644,0.369839706,143.8676458,55327232.32,34378748,Earth
2001865,2001865,1865 Cerberus (1971 UA),Cerberus,1865,http://ssd.jpl.nasa.gov/sbdb.cgi?sstr=2001865,16.79,1.165614595,2.606393469,1165.614595,2606.393469,0.724279106,1.619537316,3824.194987,8551.15995,FALSE,7/23/2130,2130-Jul-23 05:27,5.06669E+12,23.88664656,85991.92762,53432.0397,0.407176412,158.3916243,60912723.96,37849411.57,Earth
2001865,2001865,1865 Cerberus (1971 UA),Cerberus,1865,http://ssd.jpl.nasa.gov/sbdb.cgi?sstr=2001865,16.79,1.165614595,2.606393469,1165.614595,2606.393469,0.724279106,1.619537316,3824.194987,8551.15995,FALSE,11/13/2135,2135-Nov-13 05:15,5.23422E+12,28.21337717,101568.1578,63110.50339,0.458900711,178.5123765,68650568.86,42657485.44,Earth
2001865,2001865,1865 Cerberus (1971 UA),Cerberus,1865,http://ssd.jpl.nasa.gov/sbdb.cgi?sstr=2001865,16.79,1.165614595,2.606393469,1165.614595,2606.393469,0.724279106,1.619537316,3824.194987,8551.15995,FALSE,11/16/2136,2136-Nov-16 09:36,5.26611E+12,11.89776624,42831.95845,26614.11329,0.318497588,123.8955617,47646560.74,29606199.98,Earth
2001865,2001865,1865 Cerberus (1971 UA),Cerberus,1865,http://ssd.jpl.nasa.gov/sbdb.cgi?sstr=2001865,16.79,1.165614595,2.606393469,1165.614595,2606.393469,0.724279106,1.619537316,3824.194987,8551.15995,FALSE,1/17/2137,2137-Jan-17 15:27,5.27149E+12,10.02165939,36077.97379,22417.44988,0.384210695,149.4579604,57477101.6,35714614.83,Earth
2001865,2001865,1865 Cerberus (1971 UA),Cerberus,1865,http://ssd.jpl.nasa.gov/sbdb.cgi?sstr=2001865,16.79,1.165614595,2.606393469,1165.614595,2606.393469,0.724279106,1.619537316,3824.194987,8551.15995,FALSE,4/21/2138,2138-Apr-21 16:51,5.31116E+12,18.73714128,67453.7086,41913.11132,0.398061336,154.8458598,59549128.04,37002112.35,Earth
2001865,2001865,1865 Cerberus (1971 UA),Cerberus,1865,http://ssd.jpl.nasa.gov/sbdb.cgi?sstr=2001865,16.79,1.165614595,2.606393469,1165.614595,2606.393469,0.724279106,1.619537316,3824.194987,8551.15995,FALSE,7/16/2139,2139-Jul-16 01:58,5.35007E+12,20.16721961,72601.99059,45112.05354,0.322388544,125.4091435,48228639.46,29967886.93,Earth
2001865,2001865,1865 Cerberus (1971 UA),Cerberus,1865,http://ssd.jpl.nasa.gov/sbdb.cgi?sstr=2001865,16.79,1.165614595,2.606393469,1165.614595,2606.393469,0.724279106,1.619537316,3824.194987,8551.15995,FALSE,10/24/2142,2142-Oct-24 13:33,5.45344E+12,18.12152688,65237.49678,40536.04349,0.078106296,30.38334907,11684535.49,7260433.68,Venus
2001865,2001865,1865 Cerberus (1971 UA),Cerberus,1865,http://ssd.jpl.nasa.gov/sbdb.cgi?sstr=2001865,16.79,1.165614595,2.606393469,1165.614595,2606.393469,0.724279106,1.619537316,3824.194987,8551.15995,FALSE,11/24/2145,2145-Nov-24 15:55,5.55083E+12,12.22135074,43996.86266,27337.93947,0.234000808,91.02631423,35006022.43,21751733.69,Earth
2001865,2001865,1865 Cerberus (1971 UA),Cerberus,1865,http://ssd.jpl.nasa.gov/sbdb.cgi?sstr=2001865,16.79,1.165614595,2.606393469,1165.614595,2606.393469,0.724279106,1.619537316,3824.194987,8551.15995,FALSE,4/8/2147,2147-Apr-08 02:36,5.59398E+12,19.62812903,70661.26451,43906.16183,0.418939325,162.9673974,62672430.68,38942842.62,Earth
2001865,2001865,1865 Cerberus (1971 UA),Cerberus,1865,http://ssd.jpl.nasa.gov/sbdb.cgi?sstr=2001865,16.79,1.165614595,2.606393469,1165.614595,2606.393469,0.724279106,1.619537316,3824.194987,8551.15995,FALSE,7/6/2148,2148-Jul-06 23:47,5.63337E+12,16.79769416,60471.69898,37574.76207,0.272993398,106.1944316,40839230.79,25376321.3,Earth
2001865,2001865,1865 Cerberus (1971 UA),Cerberus,1865,http://ssd.jpl.nasa.gov/sbdb.cgi?sstr=2001865,16.79,1.165614595,2.606393469,1165.614595,2606.393469,0.724279106,1.619537316,3824.194987,8551.15995,FALSE,11/27/2154,2154-Nov-27 22:50,5.83511E+12,14.24128505,51268.62616,31856.33052,0.168963894,65.72695477,25276638.65,15706174.95,Earth
2001865,2001865,1865 Cerberus (1971 UA),Cerberus,1865,http://ssd.jpl.nasa.gov/sbdb.cgi?sstr=2001865,16.79,1.165614595,2.606393469,1165.614595,2606.393469,0.724279106,1.619537316,3824.194987,8551.15995,FALSE,3/25/2156,2156-Mar-25 05:32,5.87686E+12,19.83054493,71389.96175,44358.94596,0.432493287,168.2398888,64700074.58,40202762.12,Earth
2001865,2001865,1865 Cerberus (1971 UA),Cerberus,1865,http://ssd.jpl.nasa.gov/sbdb.cgi?sstr=2001865,16.79,1.165614595,2.606393469,1165.614595,2606.393469,0.724279106,1.619537316,3824.194987,8551.15995,FALSE,6/25/2157,2157-Jun-25 13:52,5.91638E+12,14.21721142,51181.96112,31802.48023,0.270028952,105.0412622,40395756.01,25100758.85,Earth
2001865,2001865,1865 Cerberus (1971 UA),Cerberus,1865,http://ssd.jpl.nasa.gov/sbdb.cgi?sstr=2001865,16.79,1.165614595,2.606393469,1165.614595,2606.393469,0.724279106,1.619537316,3824.194987,8551.15995,FALSE,2/17/2158,2158-Feb-17 00:53,5.93681E+12,13.74034213,49465.23167,30735.77131,0.047664986,18.54167955,7130580.379,4430737.192,Mars
2001865,2001865,1865 Cerberus (1971 UA),Cerberus,1865,http://ssd.jpl.nasa.gov/sbdb.cgi?sstr=2001865,16.79,1.165614595,2.606393469,1165.614595,2606.393469,0.724279106,1.619537316,3824.194987,8551.15995,FALSE,11/25/2161,2161-Nov-25 10:07,6.05581E+12,20.39193685,73410.97267,45614.72355,0.10563364,41.09148604,15802567.57,9819260.166,Venus
2001865,2001865,1865 Cerberus (1971 UA),Cerberus,1865,http://ssd.jpl.nasa.gov/sbdb.cgi?sstr=2001865,16.79,1.165614595,2.606393469,1165.614595,2606.393469,0.724279106,1.619537316,3824.194987,8551.15995,FALSE,11/26/2163,2163-Nov-26 14:01,6.11898E+12,17.32992932,62387.74554,38765.31889,0.172469819,67.09075959,25801117.56,16032071.04,Earth
2001865,2001865,1865 Cerberus (1971 UA),Cerberus,1865,http://ssd.jpl.nasa.gov/sbdb.cgi?sstr=2001865,16.79,1.165614595,2.606393469,1165.614595,2606.393469,0.724279106,1.619537316,3824.194987,8551.15995,FALSE,3/12/2165,2165-Mar-12 09:09,6.15975E+12,19.3295281,69586.30115,43238.2214,0.439311743,170.8922679,65720100.96,40836577.12,Earth
2001865,2001865,1865 Cerberus (1971 UA),Cerberus,1865,http://ssd.jpl.nasa.gov/sbdb.cgi?sstr=2001865,16.79,1.165614595,2.606393469,1165.614595,2606.393469,0.724279106,1.619537316,3824.194987,8551.15995,FALSE,6/8/2166,2166-Jun-08 17:18,6.19892E+12,13.92334297,50124.03469,31145.12589,0.301050166,117.1085147,45036463.66,27984360.86,Earth
2001865,2001865,1865 Cerberus (1971 UA),Cerberus,1865,http://ssd.jpl.nasa.gov/sbdb.cgi?sstr=2001865,16.79,1.165614595,2.606393469,1165.614595,2606.393469,0.724279106,1.619537316,3824.194987,8551.15995,FALSE,8/9/2168,2168-Aug-09 09:53,6.26741E+12,16.52847863,59502.52307,36972.55385,0.145412193,56.56534308,21753354.34,13516907.6,Venus
2001865,2001865,1865 Cerberus (1971 UA),Cerberus,1865,http://ssd.jpl.nasa.gov/sbdb.cgi?sstr=2001865,16.79,1.165614595,2.606393469,1165.614595,2606.393469,0.724279106,1.619537316,3824.194987,8551.15995,FALSE,11/22/2172,2172-Nov-22 03:07,6.40268E+12,20.89902262,75236.48142,46749.02369,0.248222517,96.558559,37133559.78,23073724.11,Earth
2001865,2001865,1865 Cerberus (1971 UA),Cerberus,1865,http://ssd.jpl.nasa.gov/sbdb.cgi?sstr=2001865,16.79,1.165614595,2.606393469,1165.614595,2606.393469,0.724279106,1.619537316,3824.194987,8551.15995,FALSE,10/31/2173,2173-Oct-31 16:36,6.43237E+12,12.74450846,45880.23046,28508.19098,0.451203588,175.5181956,67499095.66,41941993.16,Earth
2001865,2001865,1865 Cerberus (1971 UA),Cerberus,1865,http://ssd.jpl.nasa.gov/sbdb.cgi?sstr=2001865,16.79,1.165614595,2.606393469,1165.614595,2606.393469,0.724279106,1.619537316,3824.194987,8551.15995,FALSE,2/26/2174,2174-Feb-26 05:40,6.44252E+12,17.86862157,64327.03766,39970.31959,0.436839705,169.9306453,65350289.43,40606786.89,Earth
2001865,2001865,1865 Cerberus (1971 UA),Cerberus,1865,http://ssd.jpl.nasa.gov/sbdb.cgi?sstr=2001865,16.79,1.165614595,2.606393469,1165.614595,2606.393469,0.724279106,1.619537316,3824.194987,8551.15995,FALSE,5/21/2175,2175-May-21 14:07,6.48135E+12,15.58561666,56108.21996,34863.4659,0.340129815,132.310498,50882695.83,31617041.09,Earth
2001865,2001865,1865 Cerberus (1971 UA),Cerberus,1865,http://ssd.jpl.nasa.gov/sbdb.cgi?sstr=2001865,16.79,1.165614595,2.606393469,1165.614595,2606.393469,0.724279106,1.619537316,3824.194987,8551.15995,FALSE,7/28/2176,2176-Jul-28 18:41,6.51886E+12,27.06575004,97436.70016,60543.37627,0.491868187,191.3367247,73582433.1,45722003.77,Earth
2001865,2001865,1865 Cerberus (1971 UA),Cerberus,1865,http://ssd.jpl.nasa.gov/sbdb.cgi?sstr=2001865,16.79,1.165614595,2.606393469,1165.614595,2606.393469,0.724279106,1.619537316,3824.194987,8551.15995,FALSE,11/17/2181,2181-Nov-17 12:49,6.68628E+12,24.80915506,89312.95822,55495.59895,0.357901121,139.2235361,53541245.39,33268987.18,Earth
2001865,2001865,1865 Cerberus (1971 UA),Cerberus,1865,http://ssd.jpl.nasa.gov/sbdb.cgi?sstr=2001865,16.79,1.165614595,2.606393469,1165.614595,2606.393469,0.724279106,1.619537316,3824.194987,8551.15995,FALSE,11/9/2182,2182-Nov-09 07:53,6.71711E+12,12.23753973,44055.14302,27374.15262,0.386048299,150.1727884,57752003.29,35885430.82,Earth
2001865,2001865,1865 Cerberus (1971 UA),Cerberus,1865,http://ssd.jpl.nasa.gov/sbdb.cgi?sstr=2001865,16.79,1.165614595,2.606393469,1165.614595,2606.393469,0.724279106,1.619537316,3824.194987,8551.15995,FALSE,2/9/2183,2183-Feb-09 14:44,6.72508E+12,15.06748659,54242.95174,33704.46076,0.420348854,163.5157042,62883293.22,39073866.52,Earth
2001865,2001865,1865 Cerberus (1971 UA),Cerberus,1865,http://ssd.jpl.nasa.gov/sbdb.cgi?sstr=2001865,16.79,1.165614595,2.606393469,1165.614595,2606.393469,0.724279106,1.619537316,3824.194987,8551.15995,FALSE,5/4/2184,2184-May-04 12:09,6.76395E+12,17.46467402,62872.82646,39066.72931,0.374220072,145.5716079,55982525.65,34785928.4,Earth
2001865,2001865,1865 Cerberus (1971 UA),Cerberus,1865,http://ssd.jpl.nasa.gov/sbdb.cgi?sstr=2001865,16.79,1.165614595,2.606393469,1165.614595,2606.393469,0.724279106,1.619537316,3824.194987,8551.15995,FALSE,7/22/2185,2185-Jul-22 08:32,6.8023E+12,23.36930975,84129.51511,52274.80899,0.394822286,153.5858693,59064573.04,36701023.84,Earth
2001865,2001865,1865 Cerberus (1971 UA),Cerberus,1865,http://ssd.jpl.nasa.gov/sbdb.cgi?sstr=2001865,16.79,1.165614595,2.606393469,1165.614595,2606.393469,0.724279106,1.619537316,3824.194987,8551.15995,FALSE,9/12/2187,2187-Sep-12 17:50,6.8699E+12,16.74907095,60296.65541,37465.9968,0.109269541,42.50585145,16346490.59,10157238.25,Venus
2001865,2001865,1865 Cerberus (1971 UA),Cerberus,1865,http://ssd.jpl.nasa.gov/sbdb.cgi?sstr=2001865,16.79,1.165614595,2.606393469,1165.614595,2606.393469,0.724279106,1.619537316,3824.194987,8551.15995,FALSE,11/12/2190,2190-Nov-12 14:09,6.96985E+12,28.72131219,103396.7239,64246.70324,0.475026178,184.785183,71062904.35,44156441.2,Earth
2001865,2001865,1865 Cerberus (1971 UA),Cerberus,1865,http://ssd.jpl.nasa.gov/sbdb.cgi?sstr=2001865,16.79,1.165614595,2.606393469,1165.614595,2606.393469,0.724279106,1.619537316,3824.194987,8551.15995,FALSE,11/18/2191,2191-Nov-18 13:27,7.0019E+12,11.88234388,42776.43795,26579.61502,0.307534007,119.6307288,46006432.44,28587071.52,Earth
2001865,2001865,1865 Cerberus (1971 UA),Cerberus,1865,http://ssd.jpl.nasa.gov/sbdb.cgi?sstr=2001865,16.79,1.165614595,2.606393469,1165.614595,2606.393469,0.724279106,1.619537316,3824.194987,8551.15995,FALSE,4/19/2193,2193-Apr-19 19:28,7.04668E+12,18.91249037,68084.96533,42305.34971,0.401275681,156.09624,60029987.19,37300904.37,Earth
2001865,2001865,1865 Cerberus (1971 UA),Cerberus,1865,http://ssd.jpl.nasa.gov/sbdb.cgi?sstr=2001865,16.79,1.165614595,2.606393469,1165.614595,2606.393469,0.724279106,1.619537316,3824.194987,8551.15995,FALSE,7/15/2194,2194-Jul-15 03:46,7.08568E+12,19.6838607,70861.89852,44030.828,0.313909811,122.1109163,46960239.02,29179739.45,Earth
2001865,2001865,1865 Cerberus (1971 UA),Cerberus,1865,http://ssd.jpl.nasa.gov/sbdb.cgi?sstr=2001865,16.79,1.165614595,2.606393469,1165.614595,2606.393469,0.724279106,1.619537316,3824.194987,8551.15995,FALSE,11/26/2200,2200-Nov-26 13:46,7.28659E+12,12.42014036,44712.50531,27782.61198,0.222896316,86.70666692,33344814.1,20719506.71,Earth
2001866,2001866,1866 Sisyphus (1972 XA),Sisyphus,1866,http://ssd.jpl.nasa.gov/sbdb.cgi?sstr=2001866,12.55,8.21400526,18.36707413,8214.00526,18367.07413,5.103944662,11.41276722,26948.83702,60259.43148,FALSE,12/9/1912,1912-Dec-09 05:41,-1.80073E+12,33.81460275,121732.5699,75639.88488,0.451136573,175.4921268,67489070.36,41935763.73,Earth
2001866,2001866,1866 Sisyphus (1972 XA),Sisyphus,1866,http://ssd.jpl.nasa.gov/sbdb.cgi?sstr=2001866,12.55,8.21400526,18.36707413,8214.00526,18367.07413,5.103944662,11.41276722,26948.83702,60259.43148,FALSE,6/12/1920,1920-Jun-12 20:58,-1.56376E+12,24.66264639,88785.52699,55167.8737,0.444885806,173.0605785,66553968.96,41354718.67,Earth
2001866,2001866,1866 Sisyphus (1972 XA),Sisyphus,1866,http://ssd.jpl.nasa.gov/sbdb.cgi?sstr=2001866,12.55,8.21400526,18.36707413,8214.00526,18367.07413,5.103944662,11.41276722,26948.83702,60259.43148,FALSE,6/15/1933,1933-Jun-15 06:29,-1.15333E+12,22.28036589,80209.31719,49838.95045,0.442506895,172.1351821,66198088.94,41133585.08,Earth
2001866,2001866,1866 Sisyphus (1972 XA),Sisyphus,1866,http://ssd.jpl.nasa.gov/sbdb.cgi?sstr=2001866,12.55,8.21400526,18.36707413,8214.00526,18367.07413,5.103944662,11.41276722,26948.83702,60259.43148,FALSE,6/16/1946,1946-Jun-16 00:15,-7.43039E+11,20.69502567,74502.0924,46292.70292,0.491536645,191.2077547,73532835.06,45691184.98,Earth
2001866,2001866,1866 Sisyphus (1972 XA),Sisyphus,1866,http://ssd.jpl.nasa.gov/sbdb.cgi?sstr=2001866,12.55,8.21400526,18.36707413,8214.00526,18367.07413,5.103944662,11.41276722,26948.83702,60259.43148,FALSE,11/12/1946,1946-Nov-12 05:36,-7.30146E+11,21.64210457,77911.57644,48411.22371,0.350648915,136.402428,52456330.82,32594852.53,Earth
2001866,2001866,1866 Sisyphus (1972 XA),Sisyphus,1866,http://ssd.jpl.nasa.gov/sbdb.cgi?sstr=2001866,12.55,8.21400526,18.36707413,8214.00526,18367.07413,5.103944662,11.41276722,26948.83702,60259.43148,FALSE,11/17/1959,1959-Nov-17 08:31,-3.19477E+11,23.07376976,83065.57115,51613.71559,0.197423031,76.79755886,29534064.85,18351616.92,Earth
2001866,2001866,1866 Sisyphus (1972 XA),Sisyphus,1866,http://ssd.jpl.nasa.gov/sbdb.cgi?sstr=2001866,12.55,8.21400526,18.36707413,8214.00526,18367.07413,5.103944662,11.41276722,26948.83702,60259.43148,FALSE,11/21/1972,1972-Nov-21 21:30,91229400000,25.15451063,90556.23829,56268.12484,0.102883729,40.02177062,15391186.73,9563639.963,Earth
2001866,2001866,1866 Sisyphus (1972 XA),Sisyphus,1866,http://ssd.jpl.nasa.gov/sbdb.cgi?sstr=2001866,12.55,8.21400526,18.36707413,8214.00526,18367.07413,5.103944662,11.41276722,26948.83702,60259.43148,FALSE,11/27/1985,1985-Nov-27 21:43,5.01976E+11,27.82814284,100181.3142,62248.77272,0.183071433,71.21478751,27387096.46,17017552.63,Earth
2001866,2001866,1866 Sisyphus (1972 XA),Sisyphus,1866,http://ssd.jpl.nasa.gov/sbdb.cgi?sstr=2001866,12.55,8.21400526,18.36707413,8214.00526,18367.07413,5.103944662,11.41276722,26948.83702,60259.43148,FALSE,12/4/1998,1998-Dec-04 16:31,9.12789E+11,31.18009368,112248.3373,69746.75156,0.337946799,131.4613048,50556121.29,31414117.08,Earth
2001866,2001866,1866 Sisyphus (1972 XA),Sisyphus,1866,http://ssd.jpl.nasa.gov/sbdb.cgi?sstr=2001866,12.55,8.21400526,18.36707413,8214.00526,18367.07413,5.103944662,11.41276722,26948.83702,60259.43148,FALSE,6/10/2006,2006-Jun-10 20:04,1.14997E+12,26.81410193,96530.76696,59980.46462,0.494839222,192.4924575,74026893.66,45998178.76,Earth
2001866,2001866,1866 Sisyphus (1972 XA),Sisyphus,1866,http://ssd.jpl.nasa.gov/sbdb.cgi?sstr=2001866,12.55,8.21400526,18.36707413,8214.00526,18367.07413,5.103944662,11.41276722,26948.83702,60259.43148,FALSE,6/14/2019,2019-Jun-14 06:02,1.56049E+12,23.99833554,86394.00794,53681.87676,0.450374065,175.1955111,67375000.75,41864884.17,Earth
2001866,2001866,1866 Sisyphus (1972 XA),Sisyphus,1866,http://ssd.jpl.nasa.gov/sbdb.cgi?sstr=2001866,12.55,8.21400526,18.36707413,8214.00526,18367.07413,5.103944662,11.41276722,26948.83702,60259.43148,FALSE,6/15/2032,2032-Jun-15 03:21,1.97088E+12,21.87635446,78754.87607,48935.2173,0.458463423,178.3422717,68585151.6,42616837.03,Earth
2001866,2001866,1866 Sisyphus (1972 XA),Sisyphus,1866,http://ssd.jpl.nasa.gov/sbdb.cgi?sstr=2001866,12.55,8.21400526,18.36707413,8214.00526,18367.07413,5.103944662,11.41276722,26948.83702,60259.43148,FALSE,11/8/2032,2032-Nov-08 20:12,1.98356E+12,21.14840779,76134.26805,47306.87339,0.469431892,182.609006,70226011.17,43636419.89,Earth
2001866,2001866,1866 Sisyphus (1972 XA),Sisyphus,1866,http://ssd.jpl.nasa.gov/sbdb.cgi?sstr=2001866,12.55,8.21400526,18.36707413,8214.00526,18367.07413,5.103944662,11.41276722,26948.83702,60259.43148,FALSE,11/13/2045,2045-Nov-13 05:48,2.39416E+12,22.04267837,79353.64212,49307.26724,0.303696078,118.1377743,45432286.38,28230313.7,Earth
2001866,2001866,1866 Sisyphus (1972 XA),Sisyphus,1866,http://ssd.jpl.nasa.gov/sbdb.cgi?sstr=2001866,12.55,8.21400526,18.36707413,8214.00526,18367.07413,5.103944662,11.41276722,26948.83702,60259.43148,FALSE,11/18/2058,2058-Nov-18 16:40,2.80486E+12,23.7671994,85561.91784,53164.84834,0.153292827,59.63090951,22932280.33,14249458.24,Earth
2001866,2001866,1866 Sisyphus (1972 XA),Sisyphus,1866,http://ssd.jpl.nasa.gov/sbdb.cgi?sstr=2001866,12.55,8.21400526,18.36707413,8214.00526,18367.07413,5.103944662,11.41276722,26948.83702,60259.43148,FALSE,11/24/2071,2071-Nov-24 07:51,3.21558E+12,26.02240586,93680.66109,58209.51966,0.115812363,45.05100901,17325282.75,10765431.5,Earth
2001866,2001866,1866 Sisyphus (1972 XA),Sisyphus,1866,http://ssd.jpl.nasa.gov/sbdb.cgi?sstr=2001866,12.55,8.21400526,18.36707413,8214.00526,18367.07413,5.103944662,11.41276722,26948.83702,60259.43148,FALSE,11/29/2084,2084-Nov-29 15:54,3.62635E+12,28.96897258,104288.3013,64800.69477,0.240126252,93.40911199,35922375.82,22321129.29,Earth
2001866,2001866,1866 Sisyphus (1972 XA),Sisyphus,1866,http://ssd.jpl.nasa.gov/sbdb.cgi?sstr=2001866,12.55,8.21400526,18.36707413,8214.00526,18367.07413,5.103944662,11.41276722,26948.83702,60259.43148,FALSE,12/6/2097,2097-Dec-06 16:54,4.03719E+12,32.5562427,117202.4737,72825.0593,0.405200836,157.6231252,60617182,37665770.31,Earth
2001866,2001866,1866 Sisyphus (1972 XA),Sisyphus,1866,http://ssd.jpl.nasa.gov/sbdb.cgi?sstr=2001866,12.55,8.21400526,18.36707413,8214.00526,18367.07413,5.103944662,11.41276722,26948.83702,60259.43148,FALSE,6/12/2105,2105-Jun-12 18:59,4.27428E+12,25.82726377,92978.14957,57773.00632,0.484562294,188.4947324,72489487.09,45042878.61,Earth
2001866,2001866,1866 Sisyphus (1972 XA),Sisyphus,1866,http://ssd.jpl.nasa.gov/sbdb.cgi?sstr=2001866,12.55,8.21400526,18.36707413,8214.00526,18367.07413,5.103944662,11.41276722,26948.83702,60259.43148,FALSE,6/15/2118,2118-Jun-15 18:08,4.68476E+12,23.16165602,83381.96168,51810.30836,0.45694849,177.7529627,68358520.83,42476015.21,Earth
2001866,2001866,1866 Sisyphus (1972 XA),Sisyphus,1866,http://ssd.jpl.nasa.gov/sbdb.cgi?sstr=2001866,12.55,8.21400526,18.36707413,8214.00526,18367.07413,5.103944662,11.41276722,26948.83702,60259.43148,FALSE,6/17/2131,2131-Jun-17 00:30,5.0951E+12,21.33543097,76807.55149,47725.22554,0.481826003,187.4303152,72080143.79,44788524.48,Earth
2001866,2001866,1866 Sisyphus (1972 XA),Sisyphus,1866,http://ssd.jpl.nasa.gov/sbdb.cgi?sstr=2001866,12.55,8.21400526,18.36707413,8214.00526,18367.07413,5.103944662,11.41276722,26948.83702,60259.43148,FALSE,11/12/2131,2131-Nov-12 06:41,5.10791E+12,21.5118988,77442.83569,48119.96643,0.392342403,152.6211947,58693587.75,36470504.27,Earth
2001866,2001866,1866 Sisyphus (1972 XA),Sisyphus,1866,http://ssd.jpl.nasa.gov/sbdb.cgi?sstr=2001866,12.55,8.21400526,18.36707413,8214.00526,18367.07413,5.103944662,11.41276722,26948.83702,60259.43148,FALSE,11/16/2144,2144-Nov-16 04:47,5.51856E+12,22.76691129,81960.88063,50927.30385,0.229993237,89.46736923,34406498.38,21379206.73,Earth
2001866,2001866,1866 Sisyphus (1972 XA),Sisyphus,1866,http://ssd.jpl.nasa.gov/sbdb.cgi?sstr=2001866,12.55,8.21400526,18.36707413,8214.00526,18367.07413,5.103944662,11.41276722,26948.83702,60259.43148,FALSE,11/21/2157,2157-Nov-21 17:04,5.92926E+12,24.74137921,89068.96517,55343.99116,0.114555499,44.56208907,17137258.63,10648598.73,Earth
2001866,2001866,1866 Sisyphus (1972 XA),Sisyphus,1866,http://ssd.jpl.nasa.gov/sbdb.cgi?sstr=2001866,12.55,8.21400526,18.36707413,8214.00526,18367.07413,5.103944662,11.41276722,26948.83702,60259.43148,FALSE,11/27/2170,2170-Nov-27 11:23,6.33999E+12,27.24775293,98091.91056,60950.49854,0.16448943,63.98638839,24607268.41,15290247.57,Earth
2001866,2001866,1866 Sisyphus (1972 XA),Sisyphus,1866,http://ssd.jpl.nasa.gov/sbdb.cgi?sstr=2001866,12.55,8.21400526,18.36707413,8214.00526,18367.07413,5.103944662,11.41276722,26948.83702,60259.43148,FALSE,12/4/2183,2183-Dec-04 06:30,6.7508E+12,30.57335188,110064.0668,68389.53083,0.319807794,124.4052318,47842564.76,29727991.24,Earth
2001866,2001866,1866 Sisyphus (1972 XA),Sisyphus,1866,http://ssd.jpl.nasa.gov/sbdb.cgi?sstr=2001866,12.55,8.21400526,18.36707413,8214.00526,18367.07413,5.103944662,11.41276722,26948.83702,60259.43148,FALSE,12/10/2196,2196-Dec-10 09:55,7.16165E+12,34.3162066,123538.3438,76761.92254,0.48862652,190.0757163,73097486.63,45420672.01,Earth
2001915,2001915,1915 Quetzalcoatl (1953 EA),Quetzalcoatl,1915,http://ssd.jpl.nasa.gov/sbdb.cgi?sstr=2001915,18.05,0.65246163,1.458948557,652.4616298,1458.948557,0.405420735,0.906548324,2140.622213,4786.576783,FALSE,3/6/1906,1906-Mar-06 00:36,-2.01415E+12,15.12100559,54435.62012,33824.1774,0.02533311,9.854579751,3789779.282,2354859.649,Earth
2001915,2001915,1915 Quetzalcoatl (1953 EA),Quetzalcoatl,1915,http://ssd.jpl.nasa.gov/sbdb.cgi?sstr=2001915,18.05,0.65246163,1.458948557,652.4616298,1458.948557,0.405420735,0.906548324,2140.622213,4786.576783,FALSE,5/3/1927,1927-May-03 18:59,-1.34639E+12,8.323646087,29965.12591,18619.16393,1.979409978,769.9904814,296115516.6,183997649.9,Juptr
2001915,2001915,1915 Quetzalcoatl (1953 EA),Quetzalcoatl,1915,http://ssd.jpl.nasa.gov/sbdb.cgi?sstr=2001915,18.05,0.65246163,1.458948557,652.4616298,1458.948557,0.405420735,0.906548324,2140.622213,4786.576783,FALSE,3/2/1939,1939-Mar-02 11:12,-9.73083E+11,7.58241152,27296.68147,16961.09633,1.783574229,693.810375,266818905.6,165793580,Juptr
2001915,2001915,1915 Quetzalcoatl (1953 EA),Quetzalcoatl,1915,http://ssd.jpl.nasa.gov/sbdb.cgi?sstr=2001915,18.05,0.65246163,1.458948557,652.4616298,1458.948557,0.405420735,0.906548324,2140.622213,4786.576783,FALSE,3/18/1949,1949-Mar-18 14:44,-6.56069E+11,16.38436314,58983.7073,36650.18191,0.181766555,70.70718993,27191889.48,16896256.63,Earth
2001915,2001915,1915 Quetzalcoatl (1953 EA),Quetzalcoatl,1915,http://ssd.jpl.nasa.gov/sbdb.cgi?sstr=2001915,18.05,0.65246163,1.458948557,652.4616298,1458.948557,0.405420735,0.906548324,2140.622213,4786.576783,FALSE,1/10/1951,1951-Jan-10 05:45,-5.98818E+11,7.481866147,26934.71813,16736.18638,1.757767804,683.7716759,262958319.5,163394723,Juptr
2001915,2001915,1915 Quetzalcoatl (1953 EA),Quetzalcoatl,1915,http://ssd.jpl.nasa.gov/sbdb.cgi?sstr=2001915,18.05,0.65246163,1.458948557,652.4616298,1458.948557,0.405420735,0.906548324,2140.622213,4786.576783,FALSE,3/4/1953,1953-Mar-04 06:06,-5.31079E+11,13.93821018,50177.55664,31178.38235,0.053299322,20.73343606,7973464.969,4954481.389,Earth
2001915,2001915,1915 Quetzalcoatl (1953 EA),Quetzalcoatl,1915,http://ssd.jpl.nasa.gov/sbdb.cgi?sstr=2001915,18.05,0.65246163,1.458948557,652.4616298,1458.948557,0.405420735,0.906548324,2140.622213,4786.576783,FALSE,2/23/1957,1957-Feb-23 12:38,-4.05603E+11,13.66293471,49186.56497,30562.61866,0.093577827,36.40177486,13999043.66,8698602.37,Earth
2001915,2001915,1915 Quetzalcoatl (1953 EA),Quetzalcoatl,1915,http://ssd.jpl.nasa.gov/sbdb.cgi?sstr=2001915,18.05,0.65246163,1.458948557,652.4616298,1458.948557,0.405420735,0.906548324,2140.622213,4786.576783,FALSE,2/10/1961,1961-Feb-10 22:21,-2.8046E+11,14.73539305,53047.41496,32961.6007,0.227497622,88.4965748,34033159.62,21147224.78,Earth
2001915,2001915,1915 Quetzalcoatl (1953 EA),Quetzalcoatl,1915,http://ssd.jpl.nasa.gov/sbdb.cgi?sstr=2001915,18.05,0.65246163,1.458948557,652.4616298,1458.948557,0.405420735,0.906548324,2140.622213,4786.576783,FALSE,12/7/1962,1962-Dec-07 01:55,-2.23078E+11,7.982617052,28737.42139,17856.31608,1.919669972,746.7516192,287178539,178444469.5,Juptr
2001915,2001915,1915 Quetzalcoatl (1953 EA),Quetzalcoatl,1915,http://ssd.jpl.nasa.gov/sbdb.cgi?sstr=2001915,18.05,0.65246163,1.458948557,652.4616298,1458.948557,0.405420735,0.906548324,2140.622213,4786.576783,FALSE,2/11/1965,1965-Feb-11 07:46,-1.54196E+11,14.65132531,52744.77112,32773.54959,0.249866324,97.19800004,37379469.86,23226525.54,Earth
2001915,2001915,1915 Quetzalcoatl (1953 EA),Quetzalcoatl,1915,http://ssd.jpl.nasa.gov/sbdb.cgi?sstr=2001915,18.05,0.65246163,1.458948557,652.4616298,1458.948557,0.405420735,0.906548324,2140.622213,4786.576783,FALSE,2/13/1969,1969-Feb-13 09:02,-27788280000,14.33457395,51604.46622,32065.00847,0.22417203,87.20291963,33535658.19,20838091.72,Earth
2001915,2001915,1915 Quetzalcoatl (1953 EA),Quetzalcoatl,1915,http://ssd.jpl.nasa.gov/sbdb.cgi?sstr=2001915,18.05,0.65246163,1.458948557,652.4616298,1458.948557,0.405420735,0.906548324,2140.622213,4786.576783,FALSE,2/13/1973,1973-Feb-13 00:36,98411760000,14.36852728,51726.69821,32140.95868,0.230852808,89.80174212,34535088.29,21459108.79,Earth
2001915,2001915,1915 Quetzalcoatl (1953 EA),Quetzalcoatl,1915,http://ssd.jpl.nasa.gov/sbdb.cgi?sstr=2001915,18.05,0.65246163,1.458948557,652.4616298,1458.948557,0.405420735,0.906548324,2140.622213,4786.576783,FALSE,2/20/1977,1977-Feb-20 20:33,2.25319E+11,13.28740088,47834.64318,29722.58703,0.155344789,60.42912304,23239249.59,14440200.1,Earth
2001915,2001915,1915 Quetzalcoatl (1953 EA),Quetzalcoatl,1915,http://ssd.jpl.nasa.gov/sbdb.cgi?sstr=2001915,18.05,0.65246163,1.458948557,652.4616298,1458.948557,0.405420735,0.906548324,2140.622213,4786.576783,FALSE,3/2/1981,1981-Mar-02 04:12,3.52354E+11,13.30789565,47908.42436,29768.43179,0.083206091,32.36716936,12447453.97,7734489.244,Earth
2001915,2001915,1915 Quetzalcoatl (1953 EA),Quetzalcoatl,1915,http://ssd.jpl.nasa.gov/sbdb.cgi?sstr=2001915,18.05,0.65246163,1.458948557,652.4616298,1458.948557,0.405420735,0.906548324,2140.622213,4786.576783,FALSE,3/9/1985,1985-Mar-09 17:39,4.79238E+11,14.37693088,51756.95116,32159.75668,0.150745017,58.63981173,22551133.5,14012624.58,Earth
2001915,2001915,1915 Quetzalcoatl (1953 EA),Quetzalcoatl,1915,http://ssd.jpl.nasa.gov/sbdb.cgi?sstr=2001915,18.05,0.65246163,1.458948557,652.4616298,1458.948557,0.405420735,0.906548324,2140.622213,4786.576783,FALSE,3/20/1989,1989-Mar-20 22:14,6.06435E+11,17.71372903,63769.4245,39623.84046,0.346159233,134.6559416,51784683.92,32177510.5,Earth
2001915,2001915,1915 Quetzalcoatl (1953 EA),Quetzalcoatl,1915,http://ssd.jpl.nasa.gov/sbdb.cgi?sstr=2001915,18.05,0.65246163,1.458948557,652.4616298,1458.948557,0.405420735,0.906548324,2140.622213,4786.576783,FALSE,2/7/2058,2058-Feb-07 18:16,2.78033E+12,15.85395193,57074.22696,35463.70508,0.36470121,141.8687706,54558524.16,33901094.9,Earth
2001915,2001915,1915 Quetzalcoatl (1953 EA),Quetzalcoatl,1915,http://ssd.jpl.nasa.gov/sbdb.cgi?sstr=2001915,18.05,0.65246163,1.458948557,652.4616298,1458.948557,0.405420735,0.906548324,2140.622213,4786.576783,FALSE,2/24/2062,2062-Feb-24 00:46,2.90797E+12,13.01471517,46852.9746,29112.61635,0.133943929,52.1041885,20037726.52,12450865.91,Earth
2001915,2001915,1915 Quetzalcoatl (1953 EA),Quetzalcoatl,1915,http://ssd.jpl.nasa.gov/sbdb.cgi?sstr=2001915,18.05,0.65246163,1.458948557,652.4616298,1458.948557,0.405420735,0.906548324,2140.622213,4786.576783,FALSE,3/12/2066,2066-Mar-12 02:55,3.03559E+12,14.87862327,53563.04378,33281.9924,0.200270853,77.90536186,29960093.05,18616338.57,Earth
2001915,2001915,1915 Quetzalcoatl (1953 EA),Quetzalcoatl,1915,http://ssd.jpl.nasa.gov/sbdb.cgi?sstr=2001915,18.05,0.65246163,1.458948557,652.4616298,1458.948557,0.405420735,0.906548324,2140.622213,4786.576783,FALSE,3/26/2070,2070-Mar-26 14:17,3.16307E+12,19.520085,70272.30598,43664.47813,0.412437994,160.4383798,61699845.45,38338506.19,Earth
2001915,2001915,1915 Quetzalcoatl (1953 EA),Quetzalcoatl,1915,http://ssd.jpl.nasa.gov/sbdb.cgi?sstr=2001915,18.05,0.65246163,1.458948557,652.4616298,1458.948557,0.405420735,0.906548324,2140.622213,4786.576783,FALSE,9/17/2092,2092-Sep-17 11:56,3.87249E+12,8.4981397,30593.30292,19009.4887,1.890970337,735.5874612,282885134.7,175776671.8,Juptr
2001915,2001915,1915 Quetzalcoatl (1953 EA),Quetzalcoatl,1915,http://ssd.jpl.nasa.gov/sbdb.cgi?sstr=2001915,18.05,0.65246163,1.458948557,652.4616298,1458.948557,0.405420735,0.906548324,2140.622213,4786.576783,FALSE,8/20/2104,2104-Aug-20 15:40,4.24869E+12,8.042554904,28953.19766,17990.39107,1.742487882,677.8277861,260672475.6,161974365.5,Juptr
2001915,2001915,1915 Quetzalcoatl (1953 EA),Quetzalcoatl,1915,http://ssd.jpl.nasa.gov/sbdb.cgi?sstr=2001915,18.05,0.65246163,1.458948557,652.4616298,1458.948557,0.405420735,0.906548324,2140.622213,4786.576783,FALSE,3/21/2110,2110-Mar-21 08:42,4.42483E+12,16.84509608,60642.34588,37680.79542,0.216565218,84.24386972,32397695.3,20130994.37,Earth
2001915,2001915,1915 Quetzalcoatl (1953 EA),Quetzalcoatl,1915,http://ssd.jpl.nasa.gov/sbdb.cgi?sstr=2001915,18.05,0.65246163,1.458948557,652.4616298,1458.948557,0.405420735,0.906548324,2140.622213,4786.576783,FALSE,2/25/2114,2114-Feb-25 11:35,4.549E+12,14.0848384,50705.41825,31506.37502,0.07789804,30.30233772,11653380.92,7241075.131,Earth
2001915,2001915,1915 Quetzalcoatl (1953 EA),Quetzalcoatl,1915,http://ssd.jpl.nasa.gov/sbdb.cgi?sstr=2001915,18.05,0.65246163,1.458948557,652.4616298,1458.948557,0.405420735,0.906548324,2140.622213,4786.576783,FALSE,7/3/2116,2116-Jul-03 07:01,4.6232E+12,8.105182992,29178.65877,18130.48384,1.747783036,679.887601,261464619.4,162466580.8,Juptr
2001915,2001915,1915 Quetzalcoatl (1953 EA),Quetzalcoatl,1915,http://ssd.jpl.nasa.gov/sbdb.cgi?sstr=2001915,18.05,0.65246163,1.458948557,652.4616298,1458.948557,0.405420735,0.906548324,2140.622213,4786.576783,FALSE,1/24/2118,2118-Jan-24 14:20,4.67248E+12,19.02935405,68505.67457,42566.76207,0.391091959,152.134772,58506524.03,36354268.26,Earth
2001915,2001915,1915 Quetzalcoatl (1953 EA),Quetzalcoatl,1915,http://ssd.jpl.nasa.gov/sbdb.cgi?sstr=2001915,18.05,0.65246163,1.458948557,652.4616298,1458.948557,0.405420735,0.906548324,2140.622213,4786.576783,FALSE,4/24/2128,2128-Apr-24 06:58,4.99585E+12,8.768227707,31565.61974,19613.64856,1.927096231,749.640434,288289491.5,179134783.4,Juptr
2001915,2001915,1915 Quetzalcoatl (1953 EA),Quetzalcoatl,1915,http://ssd.jpl.nasa.gov/sbdb.cgi?sstr=2001915,18.05,0.65246163,1.458948557,652.4616298,1458.948557,0.405420735,0.906548324,2140.622213,4786.576783,FALSE,3/14/2153,2153-Mar-14 22:17,5.78128E+12,16.12583726,58053.01413,36071.88536,0.101254741,39.38809413,15147493.54,9412216.033,Earth
2001915,2001915,1915 Quetzalcoatl (1953 EA),Quetzalcoatl,1915,http://ssd.jpl.nasa.gov/sbdb.cgi?sstr=2001915,18.05,0.65246163,1.458948557,652.4616298,1458.948557,0.405420735,0.906548324,2140.622213,4786.576783,FALSE,4/1/2180,2180-Apr-01 03:05,6.63484E+12,19.29011882,69444.42777,43150.0668,0.271992401,105.8050439,40689483.8,25283272.83,Earth
2001916,2001916,1916 Boreas (1953 RA),Boreas,1916,http://ssd.jpl.nasa.gov/sbdb.cgi?sstr=2001916,14.95,2.719912774,6.081909854,2719.912773,6081.909854,1.69007492,3.779122408,8923.598624,19953.77313,FALSE,8/25/1905,1905-Aug-25 21:49,-2.03075E+12,6.957397909,25046.63247,15563.00338,0.389855049,151.6536141,58321484.97,36239290.32,Earth
2001916,2001916,1916 Boreas (1953 RA),Boreas,1916,http://ssd.jpl.nasa.gov/sbdb.cgi?sstr=2001916,14.95,2.719912774,6.081909854,2719.912773,6081.909854,1.69007492,3.779122408,8923.598624,19953.77313,FALSE,8/22/1929,1929-Aug-22 13:40,-1.27366E+12,6.947985138,25012.7465,15541.94796,0.336026666,130.714373,50268873.48,31235629.57,Earth
2001916,2001916,1916 Boreas (1953 RA),Boreas,1916,http://ssd.jpl.nasa.gov/sbdb.cgi?sstr=2001916,14.95,2.719912774,6.081909854,2719.912773,6081.909854,1.69007492,3.779122408,8923.598624,19953.77313,FALSE,8/21/1953,1953-Aug-21 10:55,-5.16374E+11,6.97010743,25092.38675,15591.43331,0.314970522,122.523533,47118919.17,29278338.72,Earth
2001916,2001916,1916 Boreas (1953 RA),Boreas,1916,http://ssd.jpl.nasa.gov/sbdb.cgi?sstr=2001916,14.95,2.719912774,6.081909854,2719.912773,6081.909854,1.69007492,3.779122408,8923.598624,19953.77313,FALSE,8/22/1977,1977-Aug-22 02:21,2.41064E+11,7.02556135,25292.02086,15715.47818,0.323902857,125.9982115,48455177.54,30108651.17,Earth
2001916,2001916,1916 Boreas (1953 RA),Boreas,1916,http://ssd.jpl.nasa.gov/sbdb.cgi?sstr=2001916,14.95,2.719912774,6.081909854,2719.912773,6081.909854,1.69007492,3.779122408,8923.598624,19953.77313,FALSE,8/24/2001,2001-Aug-24 01:57,9.98618E+11,7.102362847,25568.50625,15887.27545,0.356417592,138.6464431,53319312.52,33131084.49,Earth
2001916,2001916,1916 Boreas (1953 RA),Boreas,1916,http://ssd.jpl.nasa.gov/sbdb.cgi?sstr=2001916,14.95,2.719912774,6.081909854,2719.912773,6081.909854,1.69007492,3.779122408,8923.598624,19953.77313,FALSE,8/26/2025,2025-Aug-26 01:05,1.75617E+12,7.160814072,25778.93066,16018.025,0.385315975,149.8879141,57642449.08,35817356.98,Earth
2001916,2001916,1916 Boreas (1953 RA),Boreas,1916,http://ssd.jpl.nasa.gov/sbdb.cgi?sstr=2001916,14.95,2.719912774,6.081909854,2719.912773,6081.909854,1.69007492,3.779122408,8923.598624,19953.77313,FALSE,8/26/2049,2049-Aug-26 19:32,2.51362E+12,7.190518459,25885.86645,16084.47074,0.393810206,153.1921702,58913168.02,36606945.12,Earth
2001916,2001916,1916 Boreas (1953 RA),Boreas,1916,http://ssd.jpl.nasa.gov/sbdb.cgi?sstr=2001916,14.95,2.719912774,6.081909854,2719.912773,6081.909854,1.69007492,3.779122408,8923.598624,19953.77313,FALSE,8/26/2073,2073-Aug-26 22:05,3.27101E+12,7.222600804,26001.36289,16156.23574,0.393271348,152.9825543,58832555.96,36556855.11,Earth
2001916,2001916,1916 Boreas (1953 RA),Boreas,1916,http://ssd.jpl.nasa.gov/sbdb.cgi?sstr=2001916,14.95,2.719912774,6.081909854,2719.912773,6081.909854,1.69007492,3.779122408,8923.598624,19953.77313,FALSE,8/27/2097,2097-Aug-27 13:47,4.02845E+12,7.276788791,26196.43965,16277.44885,0.402923213,156.7371299,60276454.47,37454052.04,Earth
2001916,2001916,1916 Boreas (1953 RA),Boreas,1916,http://ssd.jpl.nasa.gov/sbdb.cgi?sstr=2001916,14.95,2.719912774,6.081909854,2719.912773,6081.909854,1.69007492,3.779122408,8923.598624,19953.77313,FALSE,9/1/2121,2121-Sep-01 00:58,4.78613E+12,7.293086908,26255.11287,16313.90611,0.449825358,174.9820641,67292915.38,41813878.68,Earth
2001916,2001916,1916 Boreas (1953 RA),Boreas,1916,http://ssd.jpl.nasa.gov/sbdb.cgi?sstr=2001916,14.95,2.719912774,6.081909854,2719.912773,6081.909854,1.69007492,3.779122408,8923.598624,19953.77313,FALSE,8/14/2162,2162-Aug-14 05:10,6.07843E+12,9.482741645,34137.86992,21211.94479,0.434301258,168.9431893,64970543.11,40370823.47,Earth
2001916,2001916,1916 Boreas (1953 RA),Boreas,1916,http://ssd.jpl.nasa.gov/sbdb.cgi?sstr=2001916,14.95,2.719912774,6.081909854,2719.912773,6081.909854,1.69007492,3.779122408,8923.598624,19953.77313,FALSE,8/16/2186,2186-Aug-16 01:42,6.83597E+12,8.923015649,32122.85634,19959.89371,0.377273033,146.7592099,56439242.18,35069718.88,Earth
2001917,2001917,1917 Cuyo (1968 AA),Cuyo,1917,http://ssd.jpl.nasa.gov/sbdb.cgi?sstr=2001917,14.4,3.503926411,7.835017643,3503.926411,7835.017643,2.177238258,4.868452748,11495.82193,25705.43928,FALSE,10/29/1907,1907-Oct-29 03:13,-1.96213E+12,18.39754675,66231.1683,41153.47232,0.449786488,174.9669437,67287100.51,41810265.49,Earth
2001917,2001917,1917 Cuyo (1968 AA),Cuyo,1917,http://ssd.jpl.nasa.gov/sbdb.cgi?sstr=2001917,14.4,3.503926411,7.835017643,3503.926411,7835.017643,2.177238258,4.868452748,11495.82193,25705.43928,FALSE,9/28/1926,1926-Sep-28 02:47,-1.3652E+12,15.23449529,54844.18304,34078.04251,0.112784449,43.87315054,16872313.29,10483969.33,Earth
2001917,2001917,1917 Cuyo (1968 AA),Cuyo,1917,http://ssd.jpl.nasa.gov/sbdb.cgi?sstr=2001917,14.4,3.503926411,7.835017643,3503.926411,7835.017643,2.177238258,4.868452748,11495.82193,25705.43928,FALSE,10/19/1948,1948-Oct-19 11:13,-6.69041E+11,15.87940865,57165.87114,35520.64921,0.300895832,117.0484785,45013375.5,27970014.55,Earth
2001917,2001917,1917 Cuyo (1968 AA),Cuyo,1917,http://ssd.jpl.nasa.gov/sbdb.cgi?sstr=2001917,14.4,3.503926411,7.835017643,3503.926411,7835.017643,2.177238258,4.868452748,11495.82193,25705.43928,FALSE,9/19/1967,1967-Sep-19 00:46,-72141240000,17.3963144,62626.73184,38913.81568,0.267569044,104.0843581,40027759.06,24872096.15,Earth
2001917,2001917,1917 Cuyo (1968 AA),Cuyo,1917,http://ssd.jpl.nasa.gov/sbdb.cgi?sstr=2001917,14.4,3.503926411,7.835017643,3503.926411,7835.017643,2.177238258,4.868452748,11495.82193,25705.43928,FALSE,10/10/1989,1989-Oct-10 02:44,6.23991E+11,14.52339512,52284.22242,32487.38254,0.142879861,55.58026585,21374522.84,13281512.62,Earth
2001917,2001917,1917 Cuyo (1968 AA),Cuyo,1917,http://ssd.jpl.nasa.gov/sbdb.cgi?sstr=2001917,14.4,3.503926411,7.835017643,3503.926411,7835.017643,2.177238258,4.868452748,11495.82193,25705.43928,FALSE,9/9/2008,2008-Sep-09 23:04,1.221E+12,20.25102373,72903.68543,45299.51498,0.413925079,161.0168556,61922310.11,38476739.31,Earth
2001917,2001917,1917 Cuyo (1968 AA),Cuyo,1917,http://ssd.jpl.nasa.gov/sbdb.cgi?sstr=2001917,14.4,3.503926411,7.835017643,3503.926411,7835.017643,2.177238258,4.868452748,11495.82193,25705.43928,FALSE,10/6/2030,2030-Oct-06 07:09,1.9175E+12,14.44720329,52009.93184,32316.94904,0.089665044,34.87970215,13413699.61,8334886.444,Earth
2001917,2001917,1917 Cuyo (1968 AA),Cuyo,1917,http://ssd.jpl.nasa.gov/sbdb.cgi?sstr=2001917,14.4,3.503926411,7.835017643,3503.926411,7835.017643,2.177238258,4.868452748,11495.82193,25705.43928,FALSE,9/8/2049,2049-Sep-08 07:07,2.5147E+12,21.06390616,75830.06218,47117.85169,0.447843556,174.2111434,66996442.12,41629658.74,Earth
2001917,2001917,1917 Cuyo (1968 AA),Cuyo,1917,http://ssd.jpl.nasa.gov/sbdb.cgi?sstr=2001917,14.4,3.503926411,7.835017643,3503.926411,7835.017643,2.177238258,4.868452748,11495.82193,25705.43928,FALSE,10/7/2071,2071-Oct-07 22:28,3.21148E+12,14.41683874,51900.61945,32249.02657,0.10438937,40.60746489,15616427.39,9703598.017,Earth
2001917,2001917,1917 Cuyo (1968 AA),Cuyo,1917,http://ssd.jpl.nasa.gov/sbdb.cgi?sstr=2001917,14.4,3.503926411,7.835017643,3503.926411,7835.017643,2.177238258,4.868452748,11495.82193,25705.43928,FALSE,9/13/2090,2090-Sep-13 08:56,3.80898E+12,19.3385433,69618.7559,43258.38752,0.360610605,140.2775254,53946578.44,33520849.46,Earth
2001917,2001917,1917 Cuyo (1968 AA),Cuyo,1917,http://ssd.jpl.nasa.gov/sbdb.cgi?sstr=2001917,14.4,3.503926411,7.835017643,3503.926411,7835.017643,2.177238258,4.868452748,11495.82193,25705.43928,FALSE,10/18/2112,2112-Oct-18 18:04,4.50626E+12,15.22326186,54803.74269,34052.91445,0.256829059,99.9065038,38421080.12,23873752.15,Earth
2001917,2001917,1917 Cuyo (1968 AA),Cuyo,1917,http://ssd.jpl.nasa.gov/sbdb.cgi?sstr=2001917,14.4,3.503926411,7.835017643,3503.926411,7835.017643,2.177238258,4.868452748,11495.82193,25705.43928,FALSE,9/24/2131,2131-Sep-24 05:26,5.10367E+12,16.40477357,59057.18484,36695.83799,0.189246653,73.61694806,28310896.21,17591575.17,Earth
2001917,2001917,1917 Cuyo (1968 AA),Cuyo,1917,http://ssd.jpl.nasa.gov/sbdb.cgi?sstr=2001917,14.4,3.503926411,7.835017643,3503.926411,7835.017643,2.177238258,4.868452748,11495.82193,25705.43928,FALSE,10/27/2153,2153-Oct-27 19:47,5.80088E+12,16.98719319,61153.8955,37998.65246,0.390623515,151.9525473,58436445.79,36310723.66,Earth
2001917,2001917,1917 Cuyo (1968 AA),Cuyo,1917,http://ssd.jpl.nasa.gov/sbdb.cgi?sstr=2001917,14.4,3.503926411,7.835017643,3503.926411,7835.017643,2.177238258,4.868452748,11495.82193,25705.43928,FALSE,10/2/2172,2172-Oct-02 09:41,6.3983E+12,14.75252315,53109.08333,32999.91903,0.072943563,28.37504612,10912201.7,6780527.719,Earth
2001917,2001917,1917 Cuyo (1968 AA),Cuyo,1917,http://ssd.jpl.nasa.gov/sbdb.cgi?sstr=2001917,14.4,3.503926411,7.835017643,3503.926411,7835.017643,2.177238258,4.868452748,11495.82193,25705.43928,FALSE,11/2/2194,2194-Nov-02 20:21,7.09524E+12,18.32536957,65971.33044,40992.01919,0.461600106,179.5624412,69054392.65,42908409.9,Earth
2001943,2001943,1943 Anteros (1973 EC),Anteros,1943,http://ssd.jpl.nasa.gov/sbdb.cgi?sstr=2001943,15.71,1.91670368,4.285879721,1916.70368,4285.87972,1.190984082,2.663121368,6288.3981,14061.28562,FALSE,4/11/1908,1908-Apr-11 07:57,-1.94786E+12,13.25922891,47733.22409,29659.56916,0.412533218,160.4754216,61714090.66,38347357.74,Earth
2001943,2001943,1943 Anteros (1973 EC),Anteros,1943,http://ssd.jpl.nasa.gov/sbdb.cgi?sstr=2001943,15.71,1.91670368,4.285879721,1916.70368,4285.87972,1.190984082,2.663121368,6288.3981,14061.28562,FALSE,7/19/1908,1908-Jul-19 12:18,-1.93929E+12,3.679944949,13247.80182,8231.668856,0.414857548,161.3795862,62061805.53,38563417.75,Earth
2001943,2001943,1943 Anteros (1973 EC),Anteros,1943,http://ssd.jpl.nasa.gov/sbdb.cgi?sstr=2001943,15.71,1.91670368,4.285879721,1916.70368,4285.87972,1.190984082,2.663121368,6288.3981,14061.28562,FALSE,2/9/1913,1913-Feb-09 10:19,-1.79535E+12,4.930375307,17749.3511,11028.75652,0.433467191,168.6187374,64845768.52,40293292.13,Earth
2001943,2001943,1943 Anteros (1973 EC),Anteros,1943,http://ssd.jpl.nasa.gov/sbdb.cgi?sstr=2001943,15.71,1.91670368,4.285879721,1916.70368,4285.87972,1.190984082,2.663121368,6288.3981,14061.28562,FALSE,6/16/1913,1913-Jun-16 14:26,-1.78437E+12,15.13679146,54492.44925,33859.48882,0.424359514,165.075851,63483279.44,39446680.68,Earth
2001943,2001943,1943 Anteros (1973 EC),Anteros,1943,http://ssd.jpl.nasa.gov/sbdb.cgi?sstr=2001943,15.71,1.91670368,4.285879721,1916.70368,4285.87972,1.190984082,2.663121368,6288.3981,14061.28562,FALSE,6/7/1925,1925-Jun-07 05:42,-1.40649E+12,10.71035555,38557.27997,23957.99433,0.261255959,101.6285679,39083334.92,24285258.19,Earth
2001943,2001943,1943 Anteros (1973 EC),Anteros,1943,http://ssd.jpl.nasa.gov/sbdb.cgi?sstr=2001943,15.71,1.91670368,4.285879721,1916.70368,4285.87972,1.190984082,2.663121368,6288.3981,14061.28562,FALSE,5/28/1937,1937-May-28 20:45,-1.0286E+12,7.202292193,25928.25189,16110.80741,0.123206198,47.92721106,18431384.81,11452731.45,Earth
2001943,2001943,1943 Anteros (1973 EC),Anteros,1943,http://ssd.jpl.nasa.gov/sbdb.cgi?sstr=2001943,15.71,1.91670368,4.285879721,1916.70368,4285.87972,1.190984082,2.663121368,6288.3981,14061.28562,FALSE,5/22/1949,1949-May-22 08:44,-6.50474E+11,5.737872724,20656.34181,12835.0475,0.06556474,25.50468382,9808345.436,6094623.243,Earth
2001943,2001943,1943 Anteros (1973 EC),Anteros,1943,http://ssd.jpl.nasa.gov/sbdb.cgi?sstr=2001943,15.71,1.91670368,4.285879721,1916.70368,4285.87972,1.190984082,2.663121368,6288.3981,14061.28562,FALSE,5/19/1961,1961-May-19 05:02,-2.72055E+11,5.420059552,19512.21439,12124.13121,0.065470646,25.46808141,9794269.234,6085876.696,Earth
2001943,2001943,1943 Anteros (1973 EC),Anteros,1943,http://ssd.jpl.nasa.gov/sbdb.cgi?sstr=2001943,15.71,1.91670368,4.285879721,1916.70368,4285.87972,1.190984082,2.663121368,6288.3981,14061.28562,FALSE,5/12/1973,1973-May-12 13:39,1.06062E+11,5.553469608,19992.49059,12422.55617,0.10882033,42.33110825,16279289.54,10115481.46,Earth
2001943,2001943,1943 Anteros (1973 EC),Anteros,1943,http://ssd.jpl.nasa.gov/sbdb.cgi?sstr=2001943,15.71,1.91670368,4.285879721,1916.70368,4285.87972,1.190984082,2.663121368,6288.3981,14061.28562,FALSE,4/28/1985,1985-Apr-28 05:48,4.83515E+11,8.198732268,29515.43616,18339.74421,0.235773106,91.71573808,35271154.4,21916479.06,Earth
2001943,2001943,1943 Anteros (1973 EC),Anteros,1943,http://ssd.jpl.nasa.gov/sbdb.cgi?sstr=2001943,15.71,1.91670368,4.285879721,1916.70368,4285.87972,1.190984082,2.663121368,6288.3981,14061.28562,FALSE,4/14/1997,1997-Apr-14 00:13,8.60977E+11,12.82405259,46166.58931,28686.12323,0.397337517,154.5642942,59440846.26,36934829.17,Earth
2001943,2001943,1943 Anteros (1973 EC),Anteros,1943,http://ssd.jpl.nasa.gov/sbdb.cgi?sstr=2001943,15.71,1.91670368,4.285879721,1916.70368,4285.87972,1.190984082,2.663121368,6288.3981,14061.28562,FALSE,7/17/1997,1997-Jul-17 09:05,8.6913E+11,3.518176236,12665.43445,7869.808422,0.405465649,157.7261373,60656797.37,37690386.16,Earth
2001943,2001943,1943 Anteros (1973 EC),Anteros,1943,http://ssd.jpl.nasa.gov/sbdb.cgi?sstr=2001943,15.71,1.91670368,4.285879721,1916.70368,4285.87972,1.190984082,2.663121368,6288.3981,14061.28562,FALSE,2/9/2002,2002-Feb-09 10:15,1.01325E+12,5.091673038,18330.02294,11389.56342,0.440902844,171.5112063,65958126.34,40984479.23,Earth
2001943,2001943,1943 Anteros (1973 EC),Anteros,1943,http://ssd.jpl.nasa.gov/sbdb.cgi?sstr=2001943,15.71,1.91670368,4.285879721,1916.70368,4285.87972,1.190984082,2.663121368,6288.3981,14061.28562,FALSE,6/18/2002,2002-Jun-18 08:01,1.02439E+12,15.50406951,55814.65023,34681.05308,0.43925813,170.8714126,65712080.66,40831593.53,Earth
2001943,2001943,1943 Anteros (1973 EC),Anteros,1943,http://ssd.jpl.nasa.gov/sbdb.cgi?sstr=2001943,15.71,1.91670368,4.285879721,1916.70368,4285.87972,1.190984082,2.663121368,6288.3981,14061.28562,FALSE,6/8/2014,2014-Jun-08 20:19,1.40226E+12,11.00786862,39628.32702,24623.50131,0.27395215,106.5673863,40982658.11,25465442.9,Earth
2001943,2001943,1943 Anteros (1973 EC),Anteros,1943,http://ssd.jpl.nasa.gov/sbdb.cgi?sstr=2001943,15.71,1.91670368,4.285879721,1916.70368,4285.87972,1.190984082,2.663121368,6288.3981,14061.28562,FALSE,5/30/2026,2026-May-30 08:25,1.78013E+12,7.390815296,26606.93507,16532.51474,0.132163371,51.4115514,19771358.82,12285352.69,Earth
2001943,2001943,1943 Anteros (1973 EC),Anteros,1943,http://ssd.jpl.nasa.gov/sbdb.cgi?sstr=2001943,15.71,1.91670368,4.285879721,1916.70368,4285.87972,1.190984082,2.663121368,6288.3981,14061.28562,FALSE,5/23/2038,2038-May-23 09:26,2.15822E+12,5.777038435,20797.33836,12922.65727,0.066409563,25.83332012,9934729.217,6173154.483,Earth
2001943,2001943,1943 Anteros (1973 EC),Anteros,1943,http://ssd.jpl.nasa.gov/sbdb.cgi?sstr=2001943,15.71,1.91670368,4.285879721,1916.70368,4285.87972,1.190984082,2.663121368,6288.3981,14061.28562,FALSE,5/20/2050,2050-May-20 09:34,2.53665E+12,5.451159979,19624.17592,12193.69976,0.063629198,24.75175791,9518792.446,5914703.357,Earth
2001943,2001943,1943 Anteros (1973 EC),Anteros,1943,http://ssd.jpl.nasa.gov/sbdb.cgi?sstr=2001943,15.71,1.91670368,4.285879721,1916.70368,4285.87972,1.190984082,2.663121368,6288.3981,14061.28562,FALSE,5/14/2062,2062-May-14 21:01,2.91487E+12,5.468427946,19686.34061,12232.32647,0.09600998,37.3478821,14362888.46,8924685.047,Earth
2001943,2001943,1943 Anteros (1973 EC),Anteros,1943,http://ssd.jpl.nasa.gov/sbdb.cgi?sstr=2001943,15.71,1.91670368,4.285879721,1916.70368,4285.87972,1.190984082,2.663121368,6288.3981,14061.28562,FALSE,5/1/2074,2074-May-01 12:27,3.2924E+12,7.713736954,27769.45303,17254.85819,0.215039735,83.6504568,32169486.28,19989191.86,Earth
2001943,2001943,1943 Anteros (1973 EC),Anteros,1943,http://ssd.jpl.nasa.gov/sbdb.cgi?sstr=2001943,15.71,1.91670368,4.285879721,1916.70368,4285.87972,1.190984082,2.663121368,6288.3981,14061.28562,FALSE,4/17/2086,2086-Apr-17 03:37,3.66985E+12,12.23266871,44037.60734,27363.25663,0.376364646,146.4058472,56303349.35,34985279,Earth
2001943,2001943,1943 Anteros (1973 EC),Anteros,1943,http://ssd.jpl.nasa.gov/sbdb.cgi?sstr=2001943,15.71,1.91670368,4.285879721,1916.70368,4285.87972,1.190984082,2.663121368,6288.3981,14061.28562,FALSE,7/13/2086,2086-Jul-13 05:06,3.67738E+12,3.432913011,12358.48684,7679.083113,0.391499012,152.2931156,58567418.29,36392106.2,Earth
2001943,2001943,1943 Anteros (1973 EC),Anteros,1943,http://ssd.jpl.nasa.gov/sbdb.cgi?sstr=2001943,15.71,1.91670368,4.285879721,1916.70368,4285.87972,1.190984082,2.663121368,6288.3981,14061.28562,FALSE,2/8/2091,2091-Feb-08 22:29,3.82181E+12,5.296611833,19067.8026,11847.99101,0.450631079,175.2954897,67413449.57,41888775.16,Earth
2001943,2001943,1943 Anteros (1973 EC),Anteros,1943,http://ssd.jpl.nasa.gov/sbdb.cgi?sstr=2001943,15.71,1.91670368,4.285879721,1916.70368,4285.87972,1.190984082,2.663121368,6288.3981,14061.28562,FALSE,6/20/2091,2091-Jun-20 09:47,3.83317E+12,15.99412634,57578.85482,35777.26121,0.458676658,178.4252199,68617051.03,42636658.42,Earth
2001943,2001943,1943 Anteros (1973 EC),Anteros,1943,http://ssd.jpl.nasa.gov/sbdb.cgi?sstr=2001943,15.71,1.91670368,4.285879721,1916.70368,4285.87972,1.190984082,2.663121368,6288.3981,14061.28562,FALSE,8/11/2098,2098-Aug-11 14:31,4.05861E+12,5.08731696,18314.34106,11379.81931,0.492645757,191.6391993,73698755.84,45794283.37,Earth
2001943,2001943,1943 Anteros (1973 EC),Anteros,1943,http://ssd.jpl.nasa.gov/sbdb.cgi?sstr=2001943,15.71,1.91670368,4.285879721,1916.70368,4285.87972,1.190984082,2.663121368,6288.3981,14061.28562,FALSE,6/11/2103,2103-Jun-11 17:04,4.21102E+12,11.37940066,40965.84237,25454.58133,0.28950179,112.6161961,43308851.07,26910872.18,Earth
2001943,2001943,1943 Anteros (1973 EC),Anteros,1943,http://ssd.jpl.nasa.gov/sbdb.cgi?sstr=2001943,15.71,1.91670368,4.285879721,1916.70368,4285.87972,1.190984082,2.663121368,6288.3981,14061.28562,FALSE,6/1/2115,2115-Jun-01 17:52,4.58885E+12,7.542164687,27151.79287,16871.06819,0.139588536,54.29994066,20882147.72,12975564.91,Earth
2001943,2001943,1943 Anteros (1973 EC),Anteros,1943,http://ssd.jpl.nasa.gov/sbdb.cgi?sstr=2001943,15.71,1.91670368,4.285879721,1916.70368,4285.87972,1.190984082,2.663121368,6288.3981,14061.28562,FALSE,5/24/2127,2127-May-24 21:51,4.96687E+12,5.750629031,20702.26451,12863.58208,0.065066461,25.31085325,9733803.944,6048305.307,Earth
2001943,2001943,1943 Anteros (1973 EC),Anteros,1943,http://ssd.jpl.nasa.gov/sbdb.cgi?sstr=2001943,15.71,1.91670368,4.285879721,1916.70368,4285.87972,1.190984082,2.663121368,6288.3981,14061.28562,FALSE,5/20/2139,2139-May-20 15:24,5.34519E+12,5.404216864,19455.18071,12088.6927,0.068352215,26.5890116,10225345.76,6353735.228,Earth
2001943,2001943,1943 Anteros (1973 EC),Anteros,1943,http://ssd.jpl.nasa.gov/sbdb.cgi?sstr=2001943,15.71,1.91670368,4.285879721,1916.70368,4285.87972,1.190984082,2.663121368,6288.3981,14061.28562,FALSE,5/10/2151,2151-May-10 11:55,5.72301E+12,6.268024067,22564.88664,14020.94303,0.148162489,57.63520826,22164792.78,13772563.59,Earth
2001943,2001943,1943 Anteros (1973 EC),Anteros,1943,http://ssd.jpl.nasa.gov/sbdb.cgi?sstr=2001943,15.71,1.91670368,4.285879721,1916.70368,4285.87972,1.190984082,2.663121368,6288.3981,14061.28562,FALSE,4/25/2163,2163-Apr-25 13:36,6.10041E+12,10.03788203,36136.37532,22453.73832,0.2978526,115.8646615,44558114.56,27687128.52,Earth
2001943,2001943,1943 Anteros (1973 EC),Anteros,1943,http://ssd.jpl.nasa.gov/sbdb.cgi?sstr=2001943,15.71,1.91670368,4.285879721,1916.70368,4285.87972,1.190984082,2.663121368,6288.3981,14061.28562,FALSE,2/3/2168,2168-Feb-03 10:35,6.25116E+12,6.239394136,22461.81889,13956.90074,0.486712697,189.3312391,72811182.74,45242771.02,Earth
2001943,2001943,1943 Anteros (1973 EC),Anteros,1943,http://ssd.jpl.nasa.gov/sbdb.cgi?sstr=2001943,15.71,1.91670368,4.285879721,1916.70368,4285.87972,1.190984082,2.663121368,6288.3981,14061.28562,FALSE,4/12/2175,2175-Apr-12 16:50,6.47799E+12,14.98075375,53930.7135,33510.44806,0.468388785,182.2032372,70069964.52,43539457,Earth
2001943,2001943,1943 Anteros (1973 EC),Anteros,1943,http://ssd.jpl.nasa.gov/sbdb.cgi?sstr=2001943,15.71,1.91670368,4.285879721,1916.70368,4285.87972,1.190984082,2.663121368,6288.3981,14061.28562,FALSE,8/3/2175,2175-Aug-03 19:05,6.48776E+12,4.185502953,15067.81063,9362.551557,0.451131496,175.490152,67488310.91,41935291.83,Earth
2001943,2001943,1943 Anteros (1973 EC),Anteros,1943,http://ssd.jpl.nasa.gov/sbdb.cgi?sstr=2001943,15.71,1.91670368,4.285879721,1916.70368,4285.87972,1.190984082,2.663121368,6288.3981,14061.28562,FALSE,2/23/2180,2180-Feb-23 19:43,6.63162E+12,3.671748097,13218.29315,8213.333317,0.40353752,156.9760952,60368353.41,37511155.39,Earth
2001943,2001943,1943 Anteros (1973 EC),Anteros,1943,http://ssd.jpl.nasa.gov/sbdb.cgi?sstr=2001943,15.71,1.91670368,4.285879721,1916.70368,4285.87972,1.190984082,2.663121368,6288.3981,14061.28562,FALSE,6/16/2180,2180-Jun-16 03:59,6.64141E+12,13.41462434,48292.64764,30007.1732,0.366964012,142.7490008,54897034.62,34111435.55,Earth
2001943,2001943,1943 Anteros (1973 EC),Anteros,1943,http://ssd.jpl.nasa.gov/sbdb.cgi?sstr=2001943,15.71,1.91670368,4.285879721,1916.70368,4285.87972,1.190984082,2.663121368,6288.3981,14061.28562,FALSE,6/6/2192,2192-Jun-06 01:59,7.01923E+12,9.078591073,32682.92786,20307.90037,0.20384097,79.29413749,30494174.99,18948201.7,Earth
2001980,2001980,1980 Tezcatlipoca (1950 LA),Tezcatlipoca,1980,http://ssd.jpl.nasa.gov/sbdb.cgi?sstr=2001980,13.87,4.472547654,10.00092059,4472.547654,10000.92059,2.779111409,6.214282027,14673.71325,32811.4203,FALSE,7/8/1921,1921-Jul-08 00:32,-1.53006E+12,12.90060296,46442.17067,28857.35877,0.479008905,186.334464,71658711.87,44526658.83,Earth
2001980,2001980,1980 Tezcatlipoca (1950 LA),Tezcatlipoca,1980,http://ssd.jpl.nasa.gov/sbdb.cgi?sstr=2001980,13.87,4.472547654,10.00092059,4472.547654,10000.92059,2.779111409,6.214282027,14673.71325,32811.4203,FALSE,11/16/1921,1921-Nov-16 02:26,-1.51873E+12,16.75293534,60310.56721,37474.64105,0.270165486,105.0943741,40416181.28,25113450.52,Earth
2001980,2001980,1980 Tezcatlipoca (1950 LA),Tezcatlipoca,1980,http://ssd.jpl.nasa.gov/sbdb.cgi?sstr=2001980,13.87,4.472547654,10.00092059,4472.547654,10000.92059,2.779111409,6.214282027,14673.71325,32811.4203,FALSE,11/17/1930,1930-Nov-17 10:44,-1.23462E+12,13.85699473,49885.18103,30996.71151,0.3391659,131.9355351,50738496.22,31527439.6,Earth
2001980,2001980,1980 Tezcatlipoca (1950 LA),Tezcatlipoca,1980,http://ssd.jpl.nasa.gov/sbdb.cgi?sstr=2001980,13.87,4.472547654,10.00092059,4472.547654,10000.92059,2.779111409,6.214282027,14673.71325,32811.4203,FALSE,7/8/1959,1959-Jul-08 17:04,-3.30851E+11,12.8672039,46321.93403,28782.6484,0.481969484,187.4861291,72101608.14,44801861.81,Earth
2001980,2001980,1980 Tezcatlipoca (1950 LA),Tezcatlipoca,1980,http://ssd.jpl.nasa.gov/sbdb.cgi?sstr=2001980,13.87,4.472547654,10.00092059,4472.547654,10000.92059,2.779111409,6.214282027,14673.71325,32811.4203,FALSE,11/16/1959,1959-Nov-16 16:37,-3.19534E+11,16.81431105,60531.51979,37611.93239,0.272665685,106.0669515,40790205.71,25345858.53,Earth
2001980,2001980,1980 Tezcatlipoca (1950 LA),Tezcatlipoca,1980,http://ssd.jpl.nasa.gov/sbdb.cgi?sstr=2001980,13.87,4.472547654,10.00092059,4472.547654,10000.92059,2.779111409,6.214282027,14673.71325,32811.4203,FALSE,11/16/1968,1968-Nov-16 22:23,-35429820000,13.8743395,49947.6222,31035.51003,0.336965672,131.0796464,50409346.81,31322915.64,Earth
2001980,2001980,1980 Tezcatlipoca (1950 LA),Tezcatlipoca,1980,http://ssd.jpl.nasa.gov/sbdb.cgi?sstr=2001980,13.87,4.472547654,10.00092059,4472.547654,10000.92059,2.779111409,6.214282027,14673.71325,32811.4203,FALSE,7/8/1997,1997-Jul-08 05:19,8.68339E+11,12.8440002,46238.40073,28730.74405,0.483877943,188.2285197,72387109.58,44979264.18,Earth
2001980,2001980,1980 Tezcatlipoca (1950 LA),Tezcatlipoca,1980,http://ssd.jpl.nasa.gov/sbdb.cgi?sstr=2001980,13.87,4.472547654,10.00092059,4472.547654,10000.92059,2.779111409,6.214282027,14673.71325,32811.4203,FALSE,11/16/1997,1997-Nov-16 07:56,8.79667E+11,16.88657682,60791.67656,37773.5837,0.274286659,106.6975104,41032699.99,25496537.48,Earth
2001980,2001980,1980 Tezcatlipoca (1950 LA),Tezcatlipoca,1980,http://ssd.jpl.nasa.gov/sbdb.cgi?sstr=2001980,13.87,4.472547654,10.00092059,4472.547654,10000.92059,2.779111409,6.214282027,14673.71325,32811.4203,FALSE,11/17/2006,2006-Nov-17 07:34,1.16375E+12,13.9179423,50104.59227,31133.04513,0.330405739,128.5278323,49427994.72,30713131.73,Earth
2001980,2001980,1980 Tezcatlipoca (1950 LA),Tezcatlipoca,1980,http://ssd.jpl.nasa.gov/sbdb.cgi?sstr=2001980,13.87,4.472547654,10.00092059,4472.547654,10000.92059,2.779111409,6.214282027,14673.71325,32811.4203,FALSE,7/8/2035,2035-Jul-08 15:27,2.06752E+12,12.80466713,46096.80166,28642.7599,0.486948074,189.4228008,72846394.67,45264650.7,Earth
2001980,2001980,1980 Tezcatlipoca (1950 LA),Tezcatlipoca,1980,http://ssd.jpl.nasa.gov/sbdb.cgi?sstr=2001980,13.87,4.472547654,10.00092059,4472.547654,10000.92059,2.779111409,6.214282027,14673.71325,32811.4203,FALSE,11/17/2035,2035-Nov-17 00:45,2.07887E+12,17.02992334,61307.72404,38094.23553,0.278457714,108.3200507,41656680.87,25884261.22,Earth
2001980,2001980,1980 Tezcatlipoca (1950 LA),Tezcatlipoca,1980,http://ssd.jpl.nasa.gov/sbdb.cgi?sstr=2001980,13.87,4.472547654,10.00092059,4472.547654,10000.92059,2.779111409,6.214282027,14673.71325,32811.4203,FALSE,11/16/2044,2044-Nov-16 18:05,2.36293E+12,13.94871101,50215.35965,31201.87167,0.325907255,126.777922,48755031.11,30294971.53,Earth
2001980,2001980,1980 Tezcatlipoca (1950 LA),Tezcatlipoca,1980,http://ssd.jpl.nasa.gov/sbdb.cgi?sstr=2001980,13.87,4.472547654,10.00092059,4472.547654,10000.92059,2.779111409,6.214282027,14673.71325,32811.4203,FALSE,7/8/2073,2073-Jul-08 02:32,3.26671E+12,12.77572976,45992.62713,28578.0299,0.489592011,190.4512921,73241921.94,45510419.95,Earth
2001980,2001980,1980 Tezcatlipoca (1950 LA),Tezcatlipoca,1980,http://ssd.jpl.nasa.gov/sbdb.cgi?sstr=2001980,13.87,4.472547654,10.00092059,4472.547654,10000.92059,2.779111409,6.214282027,14673.71325,32811.4203,FALSE,11/16/2073,2073-Nov-16 16:09,3.27807E+12,17.14909208,61736.7315,38360.80408,0.282899348,110.0478465,42321139.95,26297136.95,Earth
2001980,2001980,1980 Tezcatlipoca (1950 LA),Tezcatlipoca,1980,http://ssd.jpl.nasa.gov/sbdb.cgi?sstr=2001980,13.87,4.472547654,10.00092059,4472.547654,10000.92059,2.779111409,6.214282027,14673.71325,32811.4203,FALSE,11/17/2082,2082-Nov-17 03:15,3.56211E+12,13.99966666,50398.79997,31315.85435,0.318276214,123.8094472,47613443.69,29585622,Earth
2001980,2001980,1980 Tezcatlipoca (1950 LA),Tezcatlipoca,1980,http://ssd.jpl.nasa.gov/sbdb.cgi?sstr=2001980,13.87,4.472547654,10.00092059,4472.547654,10000.92059,2.779111409,6.214282027,14673.71325,32811.4203,FALSE,7/9/2111,2111-Jul-09 07:57,4.46587E+12,12.74652039,45887.47339,28512.69145,0.492636785,191.6357094,73697413.72,45793449.41,Earth
2001980,2001980,1980 Tezcatlipoca (1950 LA),Tezcatlipoca,1980,http://ssd.jpl.nasa.gov/sbdb.cgi?sstr=2001980,13.87,4.472547654,10.00092059,4472.547654,10000.92059,2.779111409,6.214282027,14673.71325,32811.4203,FALSE,11/18/2111,2111-Nov-18 10:05,4.47728E+12,17.3358656,62409.11615,38778.59775,0.28816413,112.0958465,43108740.01,26786528.94,Earth
2001980,2001980,1980 Tezcatlipoca (1950 LA),Tezcatlipoca,1980,http://ssd.jpl.nasa.gov/sbdb.cgi?sstr=2001980,13.87,4.472547654,10.00092059,4472.547654,10000.92059,2.779111409,6.214282027,14673.71325,32811.4203,FALSE,11/17/2120,2120-Nov-17 12:34,4.76129E+12,14.05350435,50592.61566,31436.28388,0.310906015,120.9424399,46510877.64,28900519.23,Earth
2001980,2001980,1980 Tezcatlipoca (1950 LA),Tezcatlipoca,1980,http://ssd.jpl.nasa.gov/sbdb.cgi?sstr=2001980,13.87,4.472547654,10.00092059,4472.547654,10000.92059,2.779111409,6.214282027,14673.71325,32811.4203,FALSE,7/8/2149,2149-Jul-08 14:56,5.66504E+12,12.71210287,45763.57033,28435.70291,0.496651326,193.1973657,74297980.46,46166624.28,Earth
2001980,2001980,1980 Tezcatlipoca (1950 LA),Tezcatlipoca,1980,http://ssd.jpl.nasa.gov/sbdb.cgi?sstr=2001980,13.87,4.472547654,10.00092059,4472.547654,10000.92059,2.779111409,6.214282027,14673.71325,32811.4203,FALSE,11/18/2149,2149-Nov-18 03:26,5.67649E+12,17.54716036,63169.77728,39251.243,0.296956867,115.5162213,44424114.81,27603864.94,Earth
2001980,2001980,1980 Tezcatlipoca (1950 LA),Tezcatlipoca,1980,http://ssd.jpl.nasa.gov/sbdb.cgi?sstr=2001980,13.87,4.472547654,10.00092059,4472.547654,10000.92059,2.779111409,6.214282027,14673.71325,32811.4203,FALSE,11/17/2158,2158-Nov-17 21:28,5.96047E+12,14.11536038,50815.29737,31574.64964,0.302914004,117.8335475,45315289.78,28157615.38,Earth
2001980,2001980,1980 Tezcatlipoca (1950 LA),Tezcatlipoca,1980,http://ssd.jpl.nasa.gov/sbdb.cgi?sstr=2001980,13.87,4.472547654,10.00092059,4472.547654,10000.92059,2.779111409,6.214282027,14673.71325,32811.4203,FALSE,7/8/2187,2187-Jul-08 20:39,6.86421E+12,12.697143,45709.7148,28402.23918,0.499514922,194.3113046,74726368.33,46432812.16,Earth
2001980,2001980,1980 Tezcatlipoca (1950 LA),Tezcatlipoca,1980,http://ssd.jpl.nasa.gov/sbdb.cgi?sstr=2001980,13.87,4.472547654,10.00092059,4472.547654,10000.92059,2.779111409,6.214282027,14673.71325,32811.4203,FALSE,11/18/2187,2187-Nov-18 21:15,6.8757E+12,17.7225626,63801.22535,39643.60027,0.302849158,117.8083224,45305588.94,28151587.56,Earth
2001980,2001980,1980 Tezcatlipoca (1950 LA),Tezcatlipoca,1980,http://ssd.jpl.nasa.gov/sbdb.cgi?sstr=2001980,13.87,4.472547654,10.00092059,4472.547654,10000.92059,2.779111409,6.214282027,14673.71325,32811.4203,FALSE,11/17/2196,2196-Nov-17 06:40,7.15965E+12,14.1957537,51104.71331,31754.48144,0.294198703,114.4432955,44011499.33,27347477.56,Earth
